編號,資料集名稱,資料來源(部會單位),第一層級,第二層級,第三層級,資料量,下載次數,瀏覽次數,主要欄位,最後更新時間
1,臺灣苗栗地方法院104年度法定預算,臺灣苗栗地方法院,苗栗縣政府,,,,62,777,歲入來源別預算表、歲出機關別預算表、歲入項目說明提要表、歲出計畫提要及分支計畫概況表、各項費用彙計表、歲出一級用途別科目分析表、資本支出分析表、人事費分析表、預算員額明細表、公務車輛明細表、現有辦公房舍明細表、捐助經費分析表、歲出按職能及經濟性綜合分類表,
2,臺灣苗栗地方法院104年度預算案,臺灣苗栗地方法院,苗栗縣政府,,,,60,715,歲入來源別預算表、歲出機關別預算表、歲入項目說明提要表、歲出計畫提要及分支計畫概況表、各項費用彙計表、歲出一級用途別科目分析表、資本支出分析表、人事費分析表、預算員額明細表、公務車輛明細表、現有辦公房舍明細表、捐助經費分析表、歲出按職能及經濟性綜合分類表,
3,臺灣苗栗地方法院103年度單位決算,臺灣苗栗地方法院,苗栗縣政府,,,,26,577,臺灣苗栗地方法院103年度單位決算,
4,臺灣苗栗地方法院104年度會計報告,臺灣苗栗地方法院,苗栗縣政府,,,,43,895,臺灣苗栗地方法院104年度會計報告,
5,104年7月份會計月報,臺灣苗栗地方法院,苗栗縣政府,,,,15,474,臺灣苗栗地方法院104年7月份會計月報,
6,臺灣苗栗地方法院105年度預算案,臺灣苗栗地方法院,苗栗縣政府,,,,46,631,歲入來源別預算表、歲出機關別預算表、歲入項目說明提要表、歲出計畫提要及分支計畫概況表、各項費用彙計表、歲出一級用途別科目分析表、資本支出分析表、人事費用分析表、預算員額明細表、公務車輛明細表、現有辦公房舍明細表、捐助經費分析表、歲出按職能及經濟性綜合分類表,
7,臺灣苗栗地方法院104年8月會計報告,臺灣苗栗地方法院,苗栗縣政府,,,,11,587,臺灣苗栗地方法院104年8月會計報告,
8,臺灣苗栗地方法院104年9月會計報告,臺灣苗栗地方法院,苗栗縣政府,,,,11,430,臺灣苗栗地方法院104年9月會計報告,
9,臺灣苗栗地方法院104年10月會計報告,臺灣苗栗地方法院,苗栗縣政府,,,,13,478,臺灣苗栗地方法院104年10月會計報告,
10,臺灣苗栗地方法院104年11月會計報告,臺灣苗栗地方法院,苗栗縣政府,,,,11,449,臺灣苗栗地方法院104年11月會計報告,
11,臺灣苗栗地方法院104年12月會計報告,臺灣苗栗地方法院,苗栗縣政府,,,,11,437,臺灣苗栗地方法院104年12月會計報告,
12,臺灣苗栗地方法院105年法定預算,臺灣苗栗地方法院,苗栗縣政府,,,,14,378,歲入來源別預算表、歲出機關別預算表,
13,臺灣苗栗地方法院-105年1月會計報告,臺灣苗栗地方法院,苗栗縣政府,,,,11,368,臺灣苗栗地方法院-105年1月會計報告,
14,臺灣苗栗地方法院-105年2月會計報告.xml,臺灣苗栗地方法院,苗栗縣政府,,,,11,440,臺灣苗栗地方法院-105年2月會計報告.xml,
15,臺灣苗栗地方法院105年3月會計報告.xml,臺灣苗栗地方法院,苗栗縣政府,,,,8,440,臺灣苗栗地方法院105年3月會計報告.xml,
16,104年度臺灣苗栗地方法院單位決算,臺灣苗栗地方法院,苗栗縣政府,,,,9,392,104年度臺灣苗栗地方法院單位決算,
17,臺灣苗栗地方法院105年4月會計報告.xml,臺灣苗栗地方法院,苗栗縣政府,,,,11,406,臺灣苗栗地方法院105年4月會計報告.xml,
18,臺灣苗栗地方法院105年5月會計報告,臺灣苗栗地方法院,苗栗縣政府,,,,11,342,臺灣苗栗地方法院105年5月會計報告,
19,臺灣苗栗地方法院105年6月會計報告.xml,臺灣苗栗地方法院,苗栗縣政府,,,,9,237,臺灣苗栗地方法院105年6月會計報告.xml,
20,臺灣苗栗地方法院105年7月份會計報告,臺灣苗栗地方法院,苗栗縣政府,,,,7,250,歲入累計表(經費)、以前年度歲入轉入數累計表(出)、平衡表、資本資產表及其變動表、歲出用途別累計表、收入實現數與繳付公庫數分析表、支出實現數與公庫撥入數分析表、收入支出彙計表,
21,106年度臺灣苗栗地方法院單位預算,臺灣苗栗地方法院,苗栗縣政府,,,,15,385,106年度臺灣苗栗地方法院單位預算案,
22,106年度臺灣苗栗地方法院單位預算案,臺灣苗栗地方法院,苗栗縣政府,,,,9,387,106年度臺灣苗栗地方法院單位預算案,
23,臺灣苗栗地方法院105年8月份會計報告,臺灣苗栗地方法院,苗栗縣政府,,,,7,317,臺灣苗栗地方法院105年8月份會計報告,
24,臺灣苗栗地方法院105年9月會計月報,臺灣苗栗地方法院,苗栗縣政府,,,,10,185,臺灣苗栗地方法院105年9月會計月報,
25,臺灣苗栗地方法院105年10月份會計報告,臺灣苗栗地方法院,苗栗縣政府,,,,0,48,臺灣苗栗地方法院105年10月份會計報告,
26,臺灣苗栗地方法院105年11月份會計報告,臺灣苗栗地方法院,苗栗縣政府,,,,0,40,臺灣苗栗地方法院105年11月份會計報告,
27,苗栗縣水域遊憩活動安全資訊,苗栗縣政府消防局,苗栗縣政府,,,,8,126,本縣105年轄內曾發生溺水事故調查檢核表(易),
28,苗栗縣公費流感抗病毒藥劑合約醫療院所,苗栗縣政府衛生局,苗栗縣政府,,,,34,225,十碼章、醫院名稱、縣市別、行政區、郵遞區號、地址、連絡電話、座標緯度、座標經度、備註,
29,臺灣苗栗地方法院105年12月份會計報告,臺灣苗栗地方法院,苗栗縣政府,,,,0,52,臺灣苗栗地方法院105年12月份會計報告,
30,臺灣苗栗地方法院106年1月份會計報告,臺灣苗栗地方法院,苗栗縣政府,,,,0,36,臺灣苗栗地方法院106年1月份會計報告,
31,105年度接受捐贈財物明細表,苗栗縣政府消防局,苗栗縣政府,,,,6,111,本局105年度接受民間個人或團體捐贈財物資料,
32,臺灣苗栗地方法院106年度法定預算-XML,臺灣苗栗地方法院,苗栗縣政府,,,,0,56,臺灣苗栗地方法院106年度法定預算-XML,
33,臺灣苗栗地方法院106年2月份會計報告,臺灣苗栗地方法院,苗栗縣政府,,,,0,39,臺灣苗栗地方法院106年2月份會計報告,
34,臺灣苗栗地方法院106年3月份會計報告,臺灣苗栗地方法院,苗栗縣政府,,,,0,35,臺灣苗栗地方法院106年3月份會計報告,
35,臺灣苗栗地方法院105年i度單位決算,臺灣苗栗地方法院,苗栗縣政府,,,,0,53,臺灣苗栗地方法院105度年單位決算,
36,臺灣苗栗地方法院106年4月份會計報告,臺灣苗栗地方法院,苗栗縣政府,,,,0,54,臺灣苗栗地方法院106年4月份會計報告,
37,臺灣苗栗地方法院106年5月份會計報告,臺灣苗栗地方法院,苗栗縣政府,,,,0,48,臺灣苗栗地方法院106年5月份會計報告,
38,苗栗縣政府暨所轄鄉鎮市公所公共債務,苗栗縣政府,苗栗縣政府,,,,5,95,106年1-5月公共債務情形,
39,苗栗縣政府暨所屬鄉鎮市公所106年1至6月公共債務情形,苗栗縣政府,苗栗縣政府,,,,2,55,苗栗縣政府暨所屬鄉鎮市公所106年1至6月公共債務情形,
40,苗栗縣地標位置資料,苗栗縣政府,苗栗縣政府,,,,25,173,MARKNAME(地標名稱)、CLASS1(地標大類)、CLASS2(地標小類)、TOWN(行政區)、X_COOR(TWD97 X坐標)、Y_COOR(TWD97 Y坐標)、TOWN_ID(行政區代碼),
41,臺灣苗栗地方法院106年6月份會計報告,臺灣苗栗地方法院,苗栗縣政府,,,,0,67,臺灣苗栗地方法院106年5月份會計報告,
42,臺灣苗栗地方法院106年7月份會計報告,臺灣苗栗地方法院,苗栗縣政府,,,,1,63,臺灣苗栗地方法院106年7月份會計報告,
43,苗栗縣政府暨所屬鄉鎮市公所106年1至7月公共債務情形,苗栗縣政府,苗栗縣政府,,,,3,68,苗栗縣政府暨所屬鄉鎮市公所106年1至7月公共債務情形,
44,107年度臺灣苗栗地方法院預算案,臺灣苗栗地方法院,苗栗縣政府,,,,2,55,,
45,臺灣苗栗地方法院-106年8月會計報告,臺灣苗栗地方法院,苗栗縣政府,,,,0,58,,
46,苗栗縣政府暨苗栗縣所轄鄉鎮市公所106年1月至8月公共債務情形,苗栗縣政府,苗栗縣政府,,,,1,36,苗栗縣政府公共債務情形、,
47,106年苗栗縣流感合約醫療院所,苗栗縣政府衛生局,苗栗縣政府,,,,15,101,十碼章、醫院名稱、縣市別、行政區、郵遞區號、地址、連絡電話、座標緯度、座標經度、備註,
48,苗栗縣政府暨苗栗縣所轄鄉鎮市公所106年1月至9月公共債務情形,苗栗縣政府,苗栗縣政府,,,,1,39,苗栗縣政府公共債務情形、,
49,臺灣苗栗地方法院-106年9月會計報告,臺灣苗栗地方法院,苗栗縣政府,,,,1,31,,
50,苗栗縣政府暨苗栗縣所轄鄉鎮市公所106年1月至10月公共債務情形,苗栗縣政府,苗栗縣政府,,,,1,46,苗栗縣政府公共債務情形、,
51,臺灣苗栗地方法院106年10月份會計月報,臺灣苗栗地方法院,苗栗縣政府,,,,0,38,,
52,苗栗縣立體育場各場館收費標準,苗栗縣立體育場,苗栗縣政府,,,,3,60,,
53,苗栗縣立網球場管理要點,苗栗縣立體育場,苗栗縣政府,,,,5,75,,
54,苗栗縣立體育場田徑場自治規則,苗栗縣立體育場,苗栗縣政府,,,,0,44,,
55,苗栗縣立體育場代管棒壘球場管理要點,苗栗縣立體育場,苗栗縣政府,,,,0,36,,
56,苗栗縣文山國小分校﹝巨蛋﹞體育館管理要點,苗栗縣立體育場,苗栗縣政府,,,,1,106,,
57, 苗栗縣立體育館管理要點,苗栗縣立體育場,苗栗縣政府,,,,2,46,,
58,苗栗縣合法動物醫院名冊,苗栗縣動物防疫所,苗栗縣政府,,,,23,697,機構名稱、字號、負責獸醫、機構電話、機構地址,
59,苗栗縣特定寵物業者名冊,苗栗縣動物防疫所,苗栗縣政府,,,,3,45,,
60,苗栗縣動物用藥品販賣業許可證名冊,苗栗縣動物防疫所,苗栗縣政府,,,,12,63,,
61,苗栗縣各鄉鎮市造林面積統計表,苗栗縣政府,苗栗縣政府,,,,6,188,,
62,106各校基本資料檔全,苗栗縣政府,苗栗縣政府,,,,9,132,,
63,消防局各單位通訊錄,苗栗縣政府消防局,苗栗縣政府,,,,11,232,單位、地址、電話、X座標、Y座標,
64,熱水器承裝業者及技術士名冊,苗栗縣政府消防局,苗栗縣政府,,,,4,70,,
65,苗栗縣最近5年地價稅稅源統計表(100年至105年),苗栗縣政府稅務局,苗栗縣政府,,,,2,45,,
66,苗栗縣105年地價稅徵績(徵期結束),苗栗縣政府稅務局,苗栗縣政府,,,,1,30,,
67,苗栗縣105年地價稅徵績(滯納期滿),苗栗縣政府稅務局,苗栗縣政府,,,,0,34,,
68,苗栗縣最近5年房屋稅綜合統計表(102年至106年),苗栗縣政府稅務局,苗栗縣政府,,,,0,31,,
69,苗栗縣最近5年契稅綜合統計表(101年至105年),苗栗縣政府稅務局,苗栗縣政府,,,,0,32,,
70,苗栗縣100年娛樂稅稅源統計表,苗栗縣政府稅務局,苗栗縣政府,,,,0,32,,
71,苗栗縣101年娛樂稅稅源統計表,苗栗縣政府稅務局,苗栗縣政府,,,,1,55,,
72,苗栗縣102年娛樂稅稅源統計表,苗栗縣政府稅務局,苗栗縣政府,,,,0,32,,
73,苗栗縣103年娛樂稅稅源統計表,苗栗縣政府稅務局,苗栗縣政府,,,,0,32,,
74,苗栗縣104年娛樂稅稅源統計表,苗栗縣政府稅務局,苗栗縣政府,,,,0,33,,
75,苗栗縣105年娛樂稅稅源統計表,苗栗縣政府稅務局,苗栗縣政府,,,,2,34,,
76,苗栗縣103年使用牌照稅稅源統計表,苗栗縣政府稅務局,苗栗縣政府,,,,0,32,公     開     類、、編報機關,
77,苗栗縣104年使用牌照稅稅源統計表,苗栗縣政府稅務局,苗栗縣政府,,,,0,30,公  開  類、、編 製 機 關、苗栗縣政府稅務局(牌照稅科),
78,苗栗縣105年使用牌照稅稅源統計表,苗栗縣政府稅務局,苗栗縣政府,,,,1,33,公  開  類、、編 製 機 關、苗栗縣政府稅務局(牌照稅科),
79,苗栗縣106年上期使用牌照稅徵績-滯納期滿,苗栗縣政府稅務局,苗栗縣政府,,,,0,36,公開類、、編製機關、中央機關,
80,苗栗縣103年印花稅徵績,苗栗縣政府稅務局,苗栗縣政府,,,,0,29,苗栗縣印花稅徵收、,
81,苗栗縣104年印花稅徵績,苗栗縣政府稅務局,苗栗縣政府,,,,0,31,苗栗縣印花稅徵收、,
82,苗栗縣105年印花稅徵績,苗栗縣政府稅務局,苗栗縣政府,,,,0,32,,
83,苗栗縣105年度地價稅納稅義務人性別統計及比例分析,苗栗縣政府稅務局,苗栗縣政府,,,,2,32,,
84,苗栗縣106年度地價稅納稅義務人性別統計及比例分析,苗栗縣政府稅務局,苗栗縣政府,,,,1,40,,
85,苗栗縣105年度房屋稅納稅義務人性別統計及比例分析,苗栗縣政府稅務局,苗栗縣政府,,,,1,36,,
86,苗栗縣106年度房屋稅納稅義務人性別統計及比例分析,苗栗縣政府稅務局,苗栗縣政府,,,,1,35,,
87,苗栗縣105年度使用牌照稅納稅義務人性別統計及比例分析,苗栗縣政府稅務局,苗栗縣政府,,,,0,38,,
88,苗栗縣106年度使用牌照稅納稅義務人性別統計及比例分析,苗栗縣政府稅務局,苗栗縣政府,,,,2,33,,
89,苗栗縣101年度歲入來源別決算表,苗栗縣政府稅務局,苗栗縣政府,,,,2,31,苗栗縣政府稅務局、,
90,苗栗縣102年度歲入來源別決算表,苗栗縣政府稅務局,苗栗縣政府,,,,1,30,苗栗縣政府稅務局、,
91,苗栗縣103年度歲入來源別決算表,苗栗縣政府稅務局,苗栗縣政府,,,,1,30,苗栗縣政府稅務局、,
92,苗栗縣104年度歲入來源別決算表,苗栗縣政府稅務局,苗栗縣政府,,,,1,28,苗栗縣政府稅務局、,
93,苗栗縣105年度歲入來源別決算表,苗栗縣政府稅務局,苗栗縣政府,,,,2,33,苗栗縣政府稅務局、,
94,苗栗縣102年度歲入機關別預算表,苗栗縣政府稅務局,苗栗縣政府,,,,3,38,,
95,苗栗縣103年度歲入來源別預算表,苗栗縣政府稅務局,苗栗縣政府,,,,1,30,苗栗縣政府稅務局、,
96,苗栗縣104年度歲入來源別預算表,苗栗縣政府稅務局,苗栗縣政府,,,,0,30,苗栗縣政府稅務局、,
97,苗栗縣105年度歲入來源別預算表,苗栗縣政府稅務局,苗栗縣政府,,,,0,32,苗栗縣政府稅務局、,
98,苗栗縣106年度歲入來源別預算表,苗栗縣政府稅務局,苗栗縣政府,,,,0,31,苗栗縣政府稅務局、,
99,苗栗縣101年度歲出機關別決算表,苗栗縣政府稅務局,苗栗縣政府,,,,1,34,苗栗縣政府稅務局、,
100,106客語生活學校名單,苗栗縣政府,苗栗縣政府,,,,6,101,,
101,苗栗縣102年度歲出機關別決算表,苗栗縣政府稅務局,苗栗縣政府,,,,1,35,苗栗縣政府稅務局、,
102,苗栗縣103年度歲出機關別決算表,苗栗縣政府稅務局,苗栗縣政府,,,,0,32,苗栗縣政府稅務局、,
103,106學年度特殊教育身心障礙班班級數一覽表,苗栗縣政府,苗栗縣政府,,,,2,84,,
104,106學年度普通藝術才能班班級數一覽表,苗栗縣政府,苗栗縣政府,,,,0,85,,
105,苗栗縣104年度歲出機關別決算表,苗栗縣政府稅務局,苗栗縣政府,,,,0,24,苗栗縣政府稅務局、,
106,106學年度資賦優異班班級數一覽表,苗栗縣政府,苗栗縣政府,,,,0,77,,
107,1061108公私立幼兒園清單,苗栗縣政府,苗栗縣政府,,,,10,235,,
108,苗栗縣105年度歲出機關別決算表,苗栗縣政府稅務局,苗栗縣政府,,,,1,31,苗栗縣政府稅務局、,
109,苗栗縣18鄉鎮市立圖書館106年度借還書人次及冊數統計,苗栗縣政府,苗栗縣政府,,,,5,102,,
110,苗栗縣政府教育類補助人民團體辦理體育活動審查作業原則,苗栗縣政府,苗栗縣政府,,,,0,29,,
111,苗栗縣政府轄屬十八鄉鎮市幸福學院連繫資料一覽表,苗栗縣政府,苗栗縣政府,,,,5,100,,
112,苗栗縣政府轄屬十八鄉鎮市樂齡學習中心連繫資料一覽表,苗栗縣政府,苗栗縣政府,,,,3,108,,
113,苗栗縣培育優秀運動人才獎勵金審查及核發作業要點,苗栗縣政府,苗栗縣政府,,,,3,139,,
114,苗栗縣教育基金會名冊,苗栗縣政府,苗栗縣政府,,,,6,83,,
115,苗栗縣學區,苗栗縣政府,苗栗縣政府,,,,4,64,,
116,苗栗縣103年度歲出機關別預算表,苗栗縣政府稅務局,苗栗縣政府,,,,0,28,苗栗縣政府稅務局、,
117,教育部412-8185諮詢輔導專線,苗栗縣政府,苗栗縣政府,,,,0,82,,
118,教育體系個人資料安全保護基本措施及作法,苗栗縣政府,苗栗縣政府,,,,3,84,,
119,苗栗縣104年度歲出機關別預算表,苗栗縣政府稅務局,苗栗縣政府,,,,0,32,苗栗縣政府稅務局、,
120,苗栗縣105年度歲出機關別預算表,苗栗縣政府稅務局,苗栗縣政府,,,,0,30,苗栗縣政府稅務局、,
121,苗栗縣106年度歲出機關別預算表,苗栗縣政府稅務局,苗栗縣政府,,,,3,39,苗栗縣政府稅務局、,
122,苗栗縣102年度歲出機關別預算表,苗栗縣政府稅務局,苗栗縣政府,,,,0,30,苗栗縣政府稅務局、,
123,苗栗縣最近5年土地增值稅稅源統計表(101年至105年),苗栗縣政府稅務局,苗栗縣政府,,,,1,38,苗栗縣最近5年土地增值稅稅源統計表、,
124,苗栗縣101年按稅率別土地增值稅稅源統計表,苗栗縣政府稅務局,苗栗縣政府,,,,0,38,公    開    類、、編報機關,
125,苗栗縣102年按稅率別土地增值稅稅源統計表,苗栗縣政府稅務局,苗栗縣政府,,,,1,30,公    開    類、、編報機關,
126,苗栗縣103年按稅率別土地增值稅稅源統計表,苗栗縣政府稅務局,苗栗縣政府,,,,1,33,公    開    類、、編報機關,
127,苗栗縣104年按稅率別土地增值稅稅源統計表,苗栗縣政府稅務局,苗栗縣政府,,,,1,41,公    開    類、、編製機關、苗栗縣政府稅務局(土地稅科),
128,苗栗縣105年按稅率別土地增值稅稅源統計表,苗栗縣政府稅務局,苗栗縣政府,,,,2,37,公    開    類、、編製機關、苗栗縣政府稅務局(土地稅科),
129,勞動條件相關申請表件及法規,苗栗縣政府,苗栗縣政府,,,,24,133,,
130,外籍移工相關申請表件,苗栗縣政府,苗栗縣政府,,,,0,54,,
131,勞工退休準備金相關申請表件,苗栗縣政府,苗栗縣政府,,,,23,168,,
132,身心障礙者促進就業相關資料申請,苗栗縣政府,苗栗縣政府,,,,6,98,,
133,苗栗縣縣有非公用土地標售,苗栗縣政府,苗栗縣政府,,,,7,59,,
134,苗栗縣政府暨苗栗縣所轄鄉鎮市公所106年1月至11月公共債務情形,苗栗縣政府,苗栗縣政府,,,,1,28,苗栗縣政府公共債務情形、,
135,臺灣苗栗地方法院106年11月份會計報告,臺灣苗栗地方法院,苗栗縣政府,,,,0,41,,
136,苗栗縣政府106年度總預算,苗栗縣政府主計處,苗栗縣政府,,,,10,92,,
137,苗栗縣政府107年度總預算,苗栗縣政府主計處,苗栗縣政府,,,,25,110,,
138,苗栗縣政府105年度總預算,苗栗縣政府主計處,苗栗縣政府,,,,4,39,,
139,苗栗縣政府104年度總預算,苗栗縣政府主計處,苗栗縣政府,,,,2,37,,
140,苗栗縣政府103年度總預算,苗栗縣政府主計處,苗栗縣政府,,,,2,37,,
141,苗栗縣105年統計年報,苗栗縣政府主計處,苗栗縣政府,,,,32,81,,
142,苗栗縣104年統計年報,苗栗縣政府主計處,苗栗縣政府,,,,5,26,,
143,苗栗縣103年統計年報,苗栗縣政府主計處,苗栗縣政府,,,,0,27,,
144,105年苗栗縣性別統計圖像,苗栗縣政府主計處,苗栗縣政府,,,,0,33,,
145,104年苗栗縣性別統計圖像,苗栗縣政府主計處,苗栗縣政府,,,,2,29,,
146,104年苗栗縣人口統計分析,苗栗縣政府主計處,苗栗縣政府,,,,10,217,,
147,104年苗栗縣家庭收支概況分析,苗栗縣政府主計處,苗栗縣政府,,,,2,39,,
148,苗栗縣政府102年度總預算,苗栗縣政府主計處,苗栗縣政府,,,,4,35,,
149,苗栗縣政府101年度總預算,苗栗縣政府主計處,苗栗縣政府,,,,3,34,,
150,苗栗縣政府100年度總預算,苗栗縣政府主計處,苗栗縣政府,,,,2,28,,
151,苗栗縣政府100年度第一次追(減)預算,苗栗縣政府主計處,苗栗縣政府,,,,1,33,,
152,苗栗縣政府101年度第一次追加(減)預算,苗栗縣政府主計處,苗栗縣政府,,,,1,28,,
153,苗栗縣政府102年度第一次追(減)預算,苗栗縣政府主計處,苗栗縣政府,,,,2,158,,
154,苗栗縣政府102年度第二次追加(減)預算,苗栗縣政府主計處,苗栗縣政府,,,,1,31,,
155,苗栗縣政府103年度第一次追加(減)預算,苗栗縣政府主計處,苗栗縣政府,,,,1,28,,
156,苗栗縣政府104年度第一次追加(減)預算,苗栗縣政府主計處,苗栗縣政府,,,,1,29,,
157,苗栗縣政府105年度第一次追加(減)預算,苗栗縣政府主計處,苗栗縣政府,,,,1,28,,
158,苗栗縣政府106年度第一次追(減)預算,苗栗縣政府主計處,苗栗縣政府,,,,2,181,,
159,苗栗縣107年度歲入來源別預算表,苗栗縣政府稅務局,苗栗縣政府,,,,9,67,苗栗縣政府稅務局、,
160,苗栗縣107年度歲出機關別預算表,苗栗縣政府稅務局,苗栗縣政府,,,,3,43,苗栗縣政府稅務局、,
161,苗栗縣通霄鎮機關門牌位置資料,苗栗縣政府,苗栗縣政府,,,,5,193,機關名稱、門牌地址、X坐標、Y坐標,
162,苗栗縣文創商品認證名單,苗栗縣政府文化觀光局,苗栗縣政府,,,,7,65,,
163,105年單位決算公告,苗栗縣政府消防局,苗栗縣政府,,,,3,43,,
164,106年11月會計月報公告,苗栗縣政府消防局,苗栗縣政府,,,,0,28,,
165,消防局及所屬機關職（教）員官等性別統計表,苗栗縣政府消防局,苗栗縣政府,,,,2,25,,
166,106年11月火災次數分類及時間,苗栗縣政府消防局,苗栗縣政府,,,,5,156,,
167,106年11月起火建築物,苗栗縣政府消防局,苗栗縣政府,,,,4,29,,
168,106年11月液化石油氣消防安全檢查及違規取締,苗栗縣政府消防局,苗栗縣政府,,,,1,34,,
169,106年11月消防安全設備查察處理,苗栗縣政府消防局,苗栗縣政府,,,,1,25,,
170,106年11月爆竹煙火安全檢查,苗栗縣政府消防局,苗栗縣政府,,,,0,136,,
171,106年11月防火管理執行情形,苗栗縣政府消防局,苗栗縣政府,,,,0,23,,
172,106年11月消防水源,苗栗縣政府消防局,苗栗縣政府,,,,1,29,,
173,106年11月消防緊急救護服務,苗栗縣政府消防局,苗栗縣政府,,,,2,33,,
174,106年11月消防緊急救護急救處置,苗栗縣政府消防局,苗栗縣政府,,,,2,34,,
175,106年11月消防緊急救護到院前心肺功能停止傷病患統計,苗栗縣政府消防局,苗栗縣政府,,,,1,40,,
176,106年11月火災出動人員、車輛、船艇、直升機,苗栗縣政府消防局,苗栗縣政府,,,,2,37,,
177,106年11月火災人員死傷、財物損失,苗栗縣政府消防局,苗栗縣政府,,,,2,164,,
178,106年11月火災次數按起火處所分,苗栗縣政府消防局,苗栗縣政府,,,,2,42,,
179,106年11月火災次數按起火原因分,苗栗縣政府消防局,苗栗縣政府,,,,4,33,,
180,苗栗縣特色美食認證餐廳-109家不可錯過的好味道 ,苗栗縣政府文化觀光局,苗栗縣政府,,,,26,133,,
181,苗栗縣政府法規審議小組審查案件及審理情形統計表(102-105年度),苗栗縣政府,苗栗縣政府,,,,0,142,,
182,修正後「苗栗縣政府文化觀光局客家圓樓街頭藝人表演申請須知」 ,苗栗縣政府文化觀光局,苗栗縣政府,,,,0,55,,
183,苗栗縣政府文化觀光局木雕博物館門票收費管理辦法,苗栗縣政府文化觀光局,苗栗縣政府,,,,1,51,,
184,溫泉標章申請 ,苗栗縣政府文化觀光局,苗栗縣政府,,,,3,78,,
185,苗栗縣政府文化觀光局街頭藝人表演申請須知及申請表格-苗栗特色館 ,苗栗縣政府文化觀光局,苗栗縣政府,,,,0,53,,
186,苗栗特色館場地使用申請 ,苗栗縣政府文化觀光局,苗栗縣政府,,,,1,53,,
187,苗栗縣政府文化觀光局場地使用管理辦法,苗栗縣政府文化觀光局,苗栗縣政府,,,,2,49,,
188,苗栗縣政府文化觀光局補助辦理藝文活動經費申請審查作業要點,苗栗縣政府文化觀光局,苗栗縣政府,,,,8,59,,
189,105年度預算書,苗栗縣政府媒體事務中心,苗栗縣政府,,,,3,31,,
190,106年度預算書,苗栗縣政府媒體事務中心,苗栗縣政府,,,,1,38,,
191,苗栗縣政府文化觀光局補助辦理基層展演藝術活動經費申請審查作業要點,苗栗縣政府文化觀光局,苗栗縣政府,,,,2,44,,
192,105年度決算書,苗栗縣政府媒體事務中心,苗栗縣政府,,,,1,31,,
193,苗栗縣政府法規異動統計表,苗栗縣政府,苗栗縣政府,,,,1,155,,
194,102年度苗栗縣政府法規審議小組審查案件及審理情形統計表,苗栗縣政府,苗栗縣政府,,,,0,40,,
195,103年度苗栗縣政府法規審議小組審查案件及審理情形統計表,苗栗縣政府,苗栗縣政府,,,,0,30,,
196,104年度苗栗縣政府法規審議小組審查案件及審理情形統計表,苗栗縣政府,苗栗縣政府,,,,0,32,,
197,105年度苗栗縣政府法規審議小組審查案件及審理情形統計表,苗栗縣政府,苗栗縣政府,,,,0,26,,
198,101年度苗栗縣政府訴願、再審案件收辦統計表,苗栗縣政府,苗栗縣政府,,,,0,26,,
199,102年度苗栗縣政府訴願、再審案件收辦統計表,苗栗縣政府,苗栗縣政府,,,,0,28,,
200,103年度苗栗縣政府訴願、再審案件收辦統計表,苗栗縣政府,苗栗縣政府,,,,0,33,,
201,104年度苗栗縣政府訴願、再審案件收辦統計表,苗栗縣政府,苗栗縣政府,,,,0,27,,
202,105年度苗栗縣政府訴願、再審案件收辦統計表,苗栗縣政府,苗栗縣政府,,,,0,28,,
203,100年度以前苗栗縣政府法規異動統計表,苗栗縣政府,苗栗縣政府,,,,0,28,,
204,100年度苗栗縣政府法規異動統計表,苗栗縣政府,苗栗縣政府,,,,0,25,,
205,107年度預算書,苗栗縣政府媒體事務中心,苗栗縣政府,,,,3,41,,
206,苗栗縣政府補助辦理新聞宣導業務活動經費審查作業要點,苗栗縣政府媒體事務中心,苗栗縣政府,,,,0,28,,
207,101年度苗栗縣政府法規異動統計表,苗栗縣政府,苗栗縣政府,,,,0,23,,
208,102年度苗栗縣政府法規異動統計表,苗栗縣政府,苗栗縣政府,,,,0,23,,
209,103年度苗栗縣政府法規異動統計表,苗栗縣政府,苗栗縣政府,,,,0,26,,
210,104年度苗栗縣政府法規異動統計表,苗栗縣政府,苗栗縣政府,,,,0,28,,
211,105年度苗栗縣政府法規異動統計表,苗栗縣政府,苗栗縣政府,,,,0,26,,
212,106年度苗栗縣政府法規異動統計表,苗栗縣政府,苗栗縣政府,,,,0,28,,
213,107年度苗栗縣地方教育發展基金附屬單位預算,苗栗縣政府主計處,苗栗縣政府,,,,8,69,,
214,107年度苗栗縣身心障礙者就業基金附屬單位預算,苗栗縣政府主計處,苗栗縣政府,,,,3,44,,
215,107年度苗栗縣社會福利基金附屬單位預算,苗栗縣政府主計處,苗栗縣政府,,,,5,39,,
216,107年度苗栗縣政府教育處地方教育發展基金附屬單位預算,苗栗縣政府主計處,苗栗縣政府,,,,2,150,,
217,105年度苗栗縣地方教育發展基金附屬單位決算,苗栗縣政府主計處,苗栗縣政府,,,,1,30,,
218,苗栗縣政府105年度總決算主要表,苗栗縣政府主計處,苗栗縣政府,,,,5,66,,
219,苗栗縣政府104年度總決算主要表,苗栗縣政府主計處,苗栗縣政府,,,,1,44,,
220,苗栗縣政府103年度總決算主要表,苗栗縣政府主計處,苗栗縣政府,,,,4,48,,
221,苗栗縣政府102年度總決算主要表,苗栗縣政府主計處,苗栗縣政府,,,,3,46,,
222,苗栗縣政府101年度總決算主要表,苗栗縣政府主計處,苗栗縣政府,,,,1,44,,
223,苗栗高鐵快捷公車資訊,苗栗縣政府,苗栗縣政府,,,,59,216,,
224,99年苗栗縣政府公報,苗栗縣政府,苗栗縣政府,,,,0,153,,
225,苗栗縣政府公告大型車禁行路線,苗栗縣政府,苗栗縣政府,,,,0,44,,
226,苗栗縣人行道設置斜坡道申請辦法,苗栗縣政府,苗栗縣政府,,,,2,36,,
227,苗栗縣人行道設置斜坡道審查基準,苗栗縣政府,苗栗縣政府,,,,2,39,,
228,苗栗縣人行道認養辦法,苗栗縣政府,苗栗縣政府,,,,2,31,,
229,苗栗縣公共設施管線圖資更新及維護作業要點 ,苗栗縣政府,苗栗縣政府,,,,5,53,,
230,苗栗縣道路工程施工期間交通維持計畫作業須知,苗栗縣政府,苗栗縣政府,,,,22,87,,
231,苗栗縣市區汽車客運動態資訊管理系統管理要點,苗栗縣政府,苗栗縣政府,,,,2,56,,
232,苗栗縣挖掘道路埋設管線自治條例,苗栗縣政府,苗栗縣政府,,,,5,58,,
233,100年苗栗縣政府公報,苗栗縣政府,苗栗縣政府,,,,0,46,,
234,101年苗栗縣政府公報,苗栗縣政府,苗栗縣政府,,,,0,159,,
235,102年苗栗縣政府公報,苗栗縣政府,苗栗縣政府,,,,0,162,,
236,103年苗栗縣政府公報,苗栗縣政府,苗栗縣政府,,,,1,45,,
237,104年苗栗縣政府公報,苗栗縣政府,苗栗縣政府,,,,0,41,,
238,105年苗栗縣政府公報,苗栗縣政府,苗栗縣政府,,,,3,50,,
239,106年苗栗縣政府公報,苗栗縣政府,苗栗縣政府,,,,1,37,,
240,苗栗縣(苗栗市)土地使用分區證明申請案件統計表,苗栗縣政府,苗栗縣政府,,,,3,91,,
241,苗栗縣通過觀光工廠評鑑廠商列表,苗栗縣政府,苗栗縣政府,,,,7,47,,
242,106年度非都市土地開發案件一覽表,苗栗縣政府,苗栗縣政府,,,,7,56,,
243,苗栗縣政府  用電設備檢驗維護業   申請案件統計表,苗栗縣政府,苗栗縣政府,,,,0,35,,
244,苗栗縣政府  用電場所專任電氣技術人員  申請案件統計表,苗栗縣政府,苗栗縣政府,,,,0,33,,
245,苗栗縣政府  電器承裝業  申請案件統計表,苗栗縣政府,苗栗縣政府,,,,0,33,,
246,苗栗縣106年建築物公共安全申報合格場所清冊,苗栗縣政府,苗栗縣政府,,,,2,36,,
247,苗栗縣違章建築列管排拆清冊,苗栗縣政府,苗栗縣政府,,,,23,99,,
248,苗栗縣違章建築拆除案件清冊,苗栗縣政府,苗栗縣政府,,,,22,102,,
249,苗栗縣轄管公寓大廈管理委員會清冊,苗栗縣政府,苗栗縣政府,,,,38,125,,
250,苗栗縣轄管營造業(含土木包工業)清冊,苗栗縣政府,苗栗縣政府,,,,4,52,,
251,106年苗栗縣  核發拆除執照清冊,苗栗縣政府,苗栗縣政府,,,,2,49,序號、執照字碼、原領執照號碼、發照日期、地號、門牌、使用分區、公眾/非公眾、使用類組、構造種類、建造類別、基地面積、建物高度、總樓地板面積、幢數、棟數、地上層數、地下層數、戶數、工程造價、設計人、監造人、承造人、開工日期、總設計停車輛數、法定輛數、鼓勵輛數、自行增設輛數、建築面積_騎樓、建築面積_其他、建築物用途、掛號號碼、申請日期,
252,106年苗栗縣  核發建造執照清冊,苗栗縣政府,苗栗縣政府,,,,6,67,序號、執照字碼、原領執照號碼、發照日期、地號、門牌、使用分區、公眾/非公眾、使用類組、構造種類、建造類別、基地面積、建物高度、總樓地板面積、幢數、棟數、地上層數、地下層數、戶數、工程造價、設計人、監造人、承造人、開工日期、總設計停車輛數、法定輛數、鼓勵輛數、自行增設輛數、建築面積_騎樓、建築面積_其他、建築物用途、掛號號碼、申請日期,
253,106年苗栗縣  核發雜項使用執照清冊,苗栗縣政府,苗栗縣政府,,,,3,44,序號、執照字碼、原領執照號碼、發照日期、地號、門牌、使用分區、公眾/非公眾、使用類組、構造種類、建造類別、基地面積、建物高度、總樓地板面積、幢數、棟數、地上層數、地下層數、戶數、工程造價、設計人、監造人、承造人、開工日期、總設計停車輛數、法定輛數、鼓勵輛數、自行增設輛數、建築面積_騎樓、建築面積_其他、建築物用途、掛號號碼、申請日期,
254,106年苗栗縣 核發使用執照清冊,苗栗縣政府,苗栗縣政府,,,,1,47,序號、執照字碼、原領執照號碼、發照日期、地號、門牌、使用分區、公眾/非公眾、使用類組、構造種類、建造類別、基地面積、建物高度、總樓地板面積、幢數、棟數、地上層數、地下層數、戶數、工程造價、設計人、監造人、承造人、開工日期、總設計停車輛數、法定輛數、鼓勵輛數、自行增設輛數、建築面積_騎樓、建築面積_其他、建築物用途、掛號號碼、申請日期,
255,106年苗栗縣 核發雜項建造執照清冊,苗栗縣政府,苗栗縣政府,,,,3,43,序號、執照字碼、原領執照號碼、發照日期、地號、門牌、使用分區、公眾/非公眾、使用類組、構造種類、建造類別、基地面積、建物高度、總樓地板面積、幢數、棟數、地上層數、地下層數、戶數、工程造價、設計人、監造人、承造人、開工日期、總設計停車輛數、法定輛數、鼓勵輛數、自行增設輛數、建築面積_騎樓、建築面積_其他、建築物用途、掛號號碼、申請日期,
256,苗栗縣政府 106年度新設立商業登記清冊,苗栗縣政府,苗栗縣政府,,,,10,89,,
257,苗栗縣政府 106年度新登記工廠清冊,苗栗縣政府,苗栗縣政府,,,,10,66,,
258,苗栗工業4.0(2017年4月)NO1,苗栗縣政府,苗栗縣政府,,,,1,35,,
259,苗栗工業4.0(2017年6月)NO2,苗栗縣政府,苗栗縣政府,,,,2,43,,
260,苗栗工業4.0(2017年9月)NO3,苗栗縣政府,苗栗縣政府,,,,2,36,,
261,苗栗工業4.0(2017年12月)NO4,苗栗縣政府,苗栗縣政府,,,,1,38,,
262,106年度苗栗縣都市設計案件申請統計表,苗栗縣政府,苗栗縣政府,,,,1,30,,
263,106年度苗栗縣容積移轉案件申請統計表,苗栗縣政府,苗栗縣政府,,,,5,33,,
264,苗栗縣警察局wifi熱點,苗栗縣警察局,苗栗縣政府,,,,9,93,編號、地點、類型、備註,
265,兒童及少年性剝削事件報告(通報)單,苗栗縣警察局,苗栗縣政府,,,,3,104,,
266,聽語障朋友申請手語翻譯及同步聽打服務,苗栗縣政府,苗栗縣政府,,,,1,68,,
267,苗栗縣105年雨水下水道實施率統計表,苗栗縣政府,苗栗縣政府,,,,2,94,,
268,苗栗縣105年污水下水道建設投入經費,苗栗縣政府,苗栗縣政府,,,,0,43,,
269,105年度污水處理廠統計,苗栗縣政府,苗栗縣政府,,,,9,79,,
270,苗栗縣105年度污水下水道系統執行概況,苗栗縣政府,苗栗縣政府,,,,0,42,,
271,苗栗縣105年度污水下水道已建設管線長度及設施,苗栗縣政府,苗栗縣政府,,,,1,50,,
272,苗栗縣105年度污水下水道系統營運管理費用及收入,苗栗縣政府,苗栗縣政府,,,,1,48,,
273,苗栗縣營建工程剩餘土石方處理收容場所,苗栗縣政府,苗栗縣政府,,,,2,48,,
274,苗栗縣水保科資訊公開平台查詢系統,苗栗縣政府,苗栗縣政府,,,,10,120,,
275,苗栗縣營建工程剩餘土石方處理及資源堆置處理場設置管理自治條例,苗栗縣政府,苗栗縣政府,,,,10,98,,
276,苗栗縣急難救助實施辦法,苗栗縣政府,苗栗縣政府,,,,4,62,,
277,107年苗栗縣戒菸服務合約醫療院所、藥局,苗栗縣政府衛生局,苗栗縣政府,,,,2,49,,
278,苗栗縣身心障礙者專用停車位識別證(停車證),苗栗縣政府,苗栗縣政府,,,,8,119,,
279,苗栗縣身心障礙證明(手冊)換、補發或住址變更申請書,苗栗縣政府,苗栗縣政府,,,,1,47,,
280,苗栗縣敬老愛心卡實施要點,苗栗縣政府,苗栗縣政府,,,,0,90,,
281,苗栗縣公益彩券盈餘管理委員設置要點,苗栗縣政府,苗栗縣政府,,,,0,35,,
282,苗栗縣敬老愛心卡身心障礙者增加儲值點數至三倍申請書,苗栗縣政府,苗栗縣政府,,,,6,125,,
283,苗栗縣新住民事務委員會受理民間單位試行提案作業須知,苗栗縣政府,苗栗縣政府,,,,1,42,,
284,苗栗縣政府推展身心障礙服務補助作業要點,苗栗縣政府,苗栗縣政府,,,,3,41,,
285,苗栗縣 鄉(鎮、市)低收入戶喪葬補助申請表,苗栗縣政府,苗栗縣政府,,,,3,52,,
286,苗 栗 縣 急 難 救 助 申 請 書,苗栗縣政府,苗栗縣政府,,,,0,36,,
287,苗栗縣政府生命連線緊急救護通報系統、中低收入老人特別照顧津貼服務申請書,苗栗縣政府,苗栗縣政府,,,,1,37,,
288,苗栗縣行動式老人文康休閒巡迴服務專車服務申請表,苗栗縣政府,苗栗縣政府,,,,0,38,,
289,苗栗縣身心障礙福利社團考評作業計畫,苗栗縣政府,苗栗縣政府,,,,0,34,,
290,苗栗縣身心障礙者消耗性用品補助要點,苗栗縣政府,苗栗縣政府,,,,1,39,,
291,苗栗縣政府辦理性侵害被害人補助申請表,苗栗縣政府,苗栗縣政府,,,,0,36,,
292,苗栗縣政府辦理家庭暴力被害人補助申請表,苗栗縣政府,苗栗縣政府,,,,1,85,,
293,苗栗縣低收入戶傷病住院看護費用補助辦法,苗栗縣政府,苗栗縣政府,,,,9,60,,
294,苗栗縣有社會救助需要的個人或家庭通報表,苗栗縣政府,苗栗縣政府,,,,0,32,,
295,107年苗栗縣兒童早期療育費用補助申請表格,苗栗縣政府,苗栗縣政府,,,,80,295,,
296,苗栗縣愛心走失手鍊服務計畫,苗栗縣政府,苗栗縣政府,,,,0,38,,
297,苗栗縣政府審查社政業務財團法人設立許可及監督準則,苗栗縣政府,苗栗縣政府,,,,1,51,,
298,苗栗縣政府環境影響評估審查委員會專案小組初審會議作業要點,苗栗縣政府環境保護局,苗栗縣政府,,,,1,43,,
299,苗栗縣社會救助通報流程,苗栗縣政府,苗栗縣政府,,,,1,34,,
300,苗栗縣中低收入老人特別照顧津貼審核作業細則,苗栗縣政府,苗栗縣政府,,,,0,36,,
301,苗栗縣中低收入老人生活津貼審核作業細則,苗栗縣政府,苗栗縣政府,,,,1,47,,
302,苗栗縣中低收入老人未滿七十歲者補助全民健康保險費基準,苗栗縣政府,苗栗縣政府,,,,0,35,,
303,苗栗縣政府環境影響評估審查委員會組織規程,苗栗縣政府環境保護局,苗栗縣政府,,,,3,43,,
304,苗栗縣身心障礙身分英文證明申請表,苗栗縣政府,苗栗縣政府,,,,0,33,,
305,苗栗縣政府環境影響評估書件或補正事項確認作業要點,苗栗縣政府環境保護局,苗栗縣政府,,,,1,36,,
306,苗栗縣政府辦理持永久效期身心障礙手冊者換證作業流程須知,苗栗縣政府,苗栗縣政府,,,,0,36,,
307,苗栗縣身心障礙者在宅、非指定鑑定醫療機構申請書,苗栗縣政府,苗栗縣政府,,,,0,31,,
308,苗栗縣婦幼福利服務中心場地使用管理及收費標準,苗栗縣政府,苗栗縣政府,,,,2,45,,
309,苗栗縣辦理兒童及少年生活扶助實施計畫,苗栗縣政府,苗栗縣政府,,,,3,45,,
310,苗栗縣弱勢家庭兒童及少年緊急生活扶助補助辦法,苗栗縣政府,苗栗縣政府,,,,3,46,,
311,苗栗縣重要環保統計資料,苗栗縣政府環境保護局,苗栗縣政府,,,,11,64,ItemName、Category、Year、Month、ItemUnit、ItemValue,
312,苗栗縣身心障礙者個人基本資料不列入媒體資料交換表單,苗栗縣政府,苗栗縣政府,,,,0,41,,
313,苗栗縣中低收入老人住宅設施修繕設備補助辦法,苗栗縣政府,苗栗縣政府,,,,2,49,,
314,苗栗縣辦理弱勢兒童及少年醫療補助審查及作業規定,苗栗縣政府,苗栗縣政府,,,,5,47,,
315,苗栗縣立案身心障礙福利機構名冊,苗栗縣政府,苗栗縣政府,,,,7,56,,
316,苗栗縣身障者房屋租金補助,苗栗縣政府,苗栗縣政府,,,,0,38,,
317,105年度苗栗縣環境教育行動方案執行成果報告,苗栗縣政府環境保護局,苗栗縣政府,,,,3,40,,
318,105年度苗栗縣公害陳情案件處理統計分析報告,苗栗縣政府環境保護局,苗栗縣政府,,,,3,42,,
319,苗栗縣中低收入老人補助裝置假牙,苗栗縣政府,苗栗縣政府,,,,5,58,,
320,苗栗縣身心障礙者日間照顧及住宿式照顧費用補助辦法,苗栗縣政府,苗栗縣政府,,,,1,55,,
321,苗栗縣復康巴士交通接送服務要點與收費標準,苗栗縣政府,苗栗縣政府,,,,17,168,,
322,104年度苗栗縣公害陳情案件處理統計分析報告,苗栗縣政府環境保護局,苗栗縣政府,,,,6,47,,
323,苗栗縣政府老人福利推動委員會設置要點,苗栗縣政府,苗栗縣政府,,,,1,33,,
324,104年度苗栗縣環境教育行動方案執行成果報告,苗栗縣政府環境保護局,苗栗縣政府,,,,1,35,,
325,苗栗縣身心障礙者家庭托顧服務,苗栗縣政府,苗栗縣政府,,,,4,149,,
326,苗栗縣特殊境遇家庭扶助計畫,苗栗縣政府,苗栗縣政府,,,,1,36,,
327,苗栗縣聽語障朋友申請手語翻譯及同步聽打服務,苗栗縣政府,苗栗縣政府,,,,1,45,,
328,103年度苗栗縣環境教育行動方案執行成果報告,苗栗縣政府環境保護局,苗栗縣政府,,,,0,36,,
329,103年度苗栗縣公害陳情案件處理統計分析報告,苗栗縣政府環境保護局,苗栗縣政府,,,,2,43,,
330,102年度苗栗縣公害陳情案件處理統計分析報告,苗栗縣政府環境保護局,苗栗縣政府,,,,2,41,,
331,102年度苗栗縣環境教育行動方案執行成果報告,苗栗縣政府環境保護局,苗栗縣政府,,,,1,35,,
332,苗栗縣建檔公廁明細,苗栗縣政府環境保護局,苗栗縣政府,,,,142,225,Country、City、Village、Number、Name、Address、Administration、Latitude、Longitude、Grade、Type2、Type,
333,苗栗縣水量水質自動監測連線傳輸監測紀錄值即時資料集,苗栗縣政府環境保護局,苗栗縣政府,,,,5,59,,
334,苗栗縣環境教育審議會專家學者及民間團體委員遴選原則,苗栗縣政府環境保護局,苗栗縣政府,,,,0,39,,
335,苗栗縣環境教育審議會設置要點,苗栗縣政府環境保護局,苗栗縣政府,,,,0,38,,
336,107年苗栗縣公告禁菸場所,苗栗縣政府衛生局,苗栗縣政府,,,,0,49,,
337,本轄易肇事路段統計分析表,苗栗縣警察局,苗栗縣政府,,,,18,70,,
338,苗栗縣警察局交通安全宣導成果表統計表.xls,苗栗縣警察局,苗栗縣政府,,,,1,44,,
339,苗栗縣警察局舉發違反高速公路及快速公路管制規定成果表,苗栗縣警察局,苗栗縣政府,,,,1,34,,
340,苗栗縣警察局舉發違反道路交通管理事件成果表,苗栗縣警察局,苗栗縣政府,,,,9,46,,
341,苗栗縣警察局A1_A2類道路交通事故(道路類別及型態別),苗栗縣警察局,苗栗縣政府,,,,10,50,,
342,苗栗縣警察局A1_A2類道路交通事故統計表(車種別),苗栗縣警察局,苗栗縣政府,,,,11,51,,
343,苗栗縣警察局A1_A2類道路交通事故統計表(時間別),苗栗縣警察局,苗栗縣政府,,,,5,39,,
344,苗栗縣警察局A1_A2類道路交通事故統計表,苗栗縣警察局,苗栗縣政府,,,,12,56,,
345,苗栗縣警察局A1類道路交通事故統計表(車總別),苗栗縣警察局,苗栗縣政府,,,,4,43,,
346,苗栗縣警察局A1類道路交通事故統計表(道路類別及型態別),苗栗縣警察局,苗栗縣政府,,,,4,38,,
347,苗栗縣警察局A1類道路交通事故統計表,苗栗縣警察局,苗栗縣政府,,,,3,46,,
348,苗栗縣警察局交通案件肇事資料,苗栗縣警察局,苗栗縣政府,,,,10,60,,
349,苗栗縣警察局取締酒駕統計件數,苗栗縣警察局,苗栗縣政府,,,,14,82,,
350,苗栗縣警察局固定照相地點清冊,苗栗縣警察局,苗栗縣政府,,,,2,84,,
351,苗栗縣警察局道路交通事故原因及損商統計表,苗栗縣警察局,苗栗縣政府,,,,10,77,,
352,苗栗縣警察局類道路交通事故統計表(時間別),苗栗縣警察局,苗栗縣政府,,,,5,44,,
353,苗栗縣警察局民防團隊年度訓練成果統計表,苗栗縣警察局,苗栗縣政府,,,,0,31,,
354,苗栗縣警察局社區治安績效季報表,苗栗縣警察局,苗栗縣政府,,,,1,32,,
355,苗栗縣社區治安會議預定表,苗栗縣警察局,苗栗縣政府,,,,1,33,,
356,苗栗縣警察局社區治安會議辦理情形統計表,苗栗縣警察局,苗栗縣政府,,,,0,36,,
357,苗栗縣警察局執行家戶訪查工作成果統計,苗栗縣警察局,苗栗縣政府,,,,1,39,,
358,苗栗縣警察局民防團隊編組人數統計表,苗栗縣警察局,苗栗縣政府,,,,2,41,,
359,苗栗縣警察局政府服務獎參獎申請書,苗栗縣警察局,苗栗縣政府,,,,5,52,,
360,苗栗縣警察局年度施政計畫,苗栗縣警察局,苗栗縣政府,,,,7,38,,
361,苗栗縣警察局議會工作報告,苗栗縣警察局,苗栗縣政府,,,,5,43,,
362,苗栗縣警察局巡邏箱數量,苗栗縣警察局,苗栗縣政府,,,,3,34,,
363,苗栗縣警察局派出所與電話地址,苗栗縣警察局,苗栗縣政府,,,,10,52,,
364,苗栗縣警察局現有警力配置,苗栗縣警察局,苗栗縣政府,,,,11,55,,
365,苗栗縣警察局取締攤販統計表.xls,苗栗縣警察局,苗栗縣政府,,,,4,30,,
366,苗栗縣警察局山地治安管制統計表,苗栗縣警察局,苗栗縣政府,,,,2,33,,
367,苗栗縣警察局槍砲統計報表,苗栗縣警察局,苗栗縣政府,,,,1,33,,
368,苗栗縣警察局義勇警察訓練及服勤成果統計表,苗栗縣警察局,苗栗縣政府,,,,0,27,,
369,苗栗縣警察局運用山地義勇警察服行山地警備治安協助勤務人數統計表.pdf,苗栗縣警察局,苗栗縣政府,,,,2,27,,
370,苗栗縣警察局轄內重要路口設置錄影監視系統地點,苗栗縣警察局,苗栗縣政府,,,,9,60,,
371,苗栗縣警察局退休資遣撫卹人數統計表,苗栗縣警察局,苗栗縣政府,,,,1,30,,
372,苗栗縣警察局傷亡人數統計表,苗栗縣警察局,苗栗縣政府,,,,3,30,,
373,苗栗縣警察局退休人員統計表,苗栗縣警察局,苗栗縣政府,,,,2,28,,
374,苗栗縣警察局組織規程,苗栗縣警察局,苗栗縣政府,,,,5,37,,
375,苗栗縣警察局編制表,苗栗縣警察局,苗栗縣政府,,,,11,80,,
376,苗栗縣警察局報案回復報案人暨滿意度問卷調查統計表,苗栗縣警察局,苗栗縣政府,,,,6,43,,
377,苗栗縣警察局報案統計表,苗栗縣警察局,苗栗縣政府,,,,1,28,,
378,苗栗縣警察局轄區遭民眾檢舉違規停車、交通障礙及違規設攤地點,苗栗縣警察局,苗栗縣政府,,,,13,104,,
379,苗栗縣警察局財產增減結存表,苗栗縣警察局,苗栗縣政府,,,,2,31,,
380,苗栗縣警察局警用車輛使用油料費統計表,苗栗縣警察局,苗栗縣政府,,,,4,41,苗栗縣警察局警用車輛使用油料費統計表、、單位:元,
381,苗栗縣警察局警光山莊地址及電話,苗栗縣警察局,苗栗縣政府,,,,4,32,,
382,苗栗縣警察局人口販運宣導,苗栗縣警察局,苗栗縣政府,,,,2,36,,
383,苗栗縣警察局良民證統計表,苗栗縣警察局,苗栗縣政府,,,,1,41,苗栗縣警察局 警察刑事紀錄證明書、,
384,苗栗縣防制人口販運工作聯繫通報窗口一覽表,苗栗縣警察局,苗栗縣政府,,,,0,28,,
385,苗栗縣警察局歲入轉入數決算表,苗栗縣警察局,苗栗縣政府,,,,0,26,,
386,苗栗縣警察局歲出轉入數決算表,苗栗縣警察局,苗栗縣政府,,,,0,26,,
387,苗栗縣警察局統籌科目,苗栗縣警察局,苗栗縣政府,,,,3,37,,
388,苗栗縣警察局歲入來源別決算表,苗栗縣警察局,苗栗縣政府,,,,1,26,,
389,苗栗縣警察局歲出機關別決算表,苗栗縣警察局,苗栗縣政府,,,,1,24,,
390,苗栗縣警察局歲入平衡表,苗栗縣警察局,苗栗縣政府,,,,0,24,,
391,苗栗縣警察局歲入累計表,苗栗縣警察局,苗栗縣政府,,,,0,24,,
392,苗栗縣警察局歲入類現金出納表,苗栗縣警察局,苗栗縣政府,,,,1,27,,
393,苗栗縣警察局經費平衡表,苗栗縣警察局,苗栗縣政府,,,,1,33,,
394,苗栗縣警察局經費累計表,苗栗縣警察局,苗栗縣政府,,,,0,28,,
395,苗栗縣警察局經費類現金出納表,苗栗縣警察局,苗栗縣政府,,,,2,34,,
396,苗栗縣警察局警察人員獎勵統計表,苗栗縣警察局,苗栗縣政府,,,,0,33,苗栗縣警察局106年11月份獎懲統計表、,
397,苗栗縣警察局警察人員懲處統計表,苗栗縣警察局,苗栗縣政府,,,,3,37,苗栗縣警察局106年11月份獎懲統計表、,
398,苗栗縣警察局員警優良事蹟,苗栗縣警察局,苗栗縣政府,,,,0,26,,
399,苗栗縣警察局員好人好事事蹟,苗栗縣警察局,苗栗縣政府,,,,1,38,,
400,苗栗縣警察局員警訓練成績統計表,苗栗縣警察局,苗栗縣政府,,,,0,38,,
401,苗栗縣警察局為民服務成果統計表,苗栗縣警察局,苗栗縣政府,,,,0,27,,
402,苗栗縣警察局苗警警政新聞,苗栗縣警察局,苗栗縣政府,,,,1,32,,
403,苗栗縣警察局辦理國家賠償事件收結情形表,苗栗縣警察局,苗栗縣政府,,,,1,26,,
404,苗栗縣警察局財產申報人數統計表,苗栗縣警察局,苗栗縣政府,,,,0,26,,
405,苗栗縣警察局防空避難設備季報表,苗栗縣警察局,苗栗縣政府,,,,3,39,,
406,苗栗縣警察局老人捺印數,苗栗縣警察局,苗栗縣政府,,,,1,24,,
407,人民或團體申請持有刀械作業流程,苗栗縣警察局,苗栗縣政府,,,,0,26,,
408,苗栗縣警察局受理臨櫃或現場辦理入山許可證處所一覽表,苗栗縣警察局,苗栗縣政府,,,,0,29,,
409,苗栗縣警察局原住民(漁民)申請製造、持有自製獵槍(魚槍)宣導單,苗栗縣警察局,苗栗縣政府,,,,3,46,,
410,苗栗縣警察局領取支票憑證,苗栗縣警察局,苗栗縣政府,,,,0,39,,
411,處理家庭暴力案件作業程序,苗栗縣警察局,苗栗縣政府,,,,15,60,,
412,匯款委託書,苗栗縣警察局,苗栗縣政府,,,,39,139,,
413,當舖業異動變更應檢附書件一覽表,苗栗縣警察局,苗栗縣政府,,,,1,44,,
414,解除警示聲請書,苗栗縣警察局,苗栗縣政府,,,,0,41,,
415,道路交通事故當事人住址資料申請,苗栗縣警察局,苗栗縣政府,,,,9,77,,
416,廠商自領切結書,苗栗縣警察局,苗栗縣政府,,,,0,46,,
417,請求發給執行完畢證明書聲請表,苗栗縣警察局,苗栗縣政府,,,,1,47,,
418,聲請補發裁判書狀,苗栗縣警察局,苗栗縣政府,,,,2,50,,
419,苗栗縣政府衛生局組織編制表,苗栗縣政府衛生局,苗栗縣政府,,,,4,63,,
420,苗栗縣苗栗市各里人口數(106年12月底止),苗栗縣政府,苗栗縣政府,,,,36,457,,
421,苗栗縣政府衛生局組織規程表,苗栗縣政府衛生局,苗栗縣政府,,,,2,63,,
422,苗栗縣警察局少年犯罪預防宣導統計表,苗栗縣警察局,苗栗縣政府,,,,0,41,,
423,苗栗縣警察局受理家暴案件統計表,苗栗縣警察局,苗栗縣政府,,,,2,45,,
424,苗栗縣警察局校園與社區法治教育宣導統計表,苗栗縣警察局,苗栗縣政府,,,,0,45,,
425,苗栗縣苑裡鎮各里人口數(106年12月底止),苗栗縣政府,苗栗縣政府,,,,19,226,,
426,苗栗縣通霄鎮各里人口數(106年12月底止),苗栗縣政府,苗栗縣政府,,,,9,101,,
427,苗栗縣竹南鎮各里人口數(106年12月底止),苗栗縣政府,苗栗縣政府,,,,18,165,,
428,苗栗縣頭份市各里人口數(106年12月底止),苗栗縣政府,苗栗縣政府,,,,32,257,,
429,苗栗縣後龍鎮各里人口數(106年12月底止),苗栗縣政府,苗栗縣政府,,,,9,127,,
430,苗栗縣卓蘭鎮各里人口數(106年12月底止),苗栗縣政府,苗栗縣政府,,,,12,96,,
431,苗栗縣大湖鄉各村人口數(106年12月底止),苗栗縣政府,苗栗縣政府,,,,6,78,,
432,苗栗縣公館鄉各村人口數(106年12月底止),苗栗縣政府,苗栗縣政府,,,,14,129,,
433,苗栗縣銅鑼鄉各村人口數(106年12月底止),苗栗縣政府,苗栗縣政府,,,,14,136,,
434,苗栗縣南庄鄉各村人口數(106年12月底止),苗栗縣政府,苗栗縣政府,,,,11,82,,
435,苗栗縣頭屋鄉各村人口數(106年12月底止),苗栗縣政府,苗栗縣政府,,,,5,61,,
436,苗栗縣法律諮詢,苗栗縣政府,苗栗縣政府,,,,0,156,,
437,苗栗縣三義鄉各村人口數(106年12月底止),苗栗縣政府,苗栗縣政府,,,,9,69,,
438,苗栗縣羊隻羊痘疫苗注射工作措施,苗栗縣動物防疫所,苗栗縣政府,,,,0,35,,
439,苗栗縣西湖鄉各村人口數(106年12月底止),苗栗縣政府,苗栗縣政府,,,,1,41,,
440,苗栗縣畜牧場防疫及衛生管理措施公告,苗栗縣動物防疫所,苗栗縣政府,,,,1,40,,
441,苗栗縣豬瘟暨偶蹄類動物口蹄疫防疫衛生工作公告,苗栗縣動物防疫所,苗栗縣政府,,,,1,40,,
442,苗栗縣造橋鄉各村人口數(106年12月底止),苗栗縣政府,苗栗縣政府,,,,5,103,,
443,107年犬貓狂犬病疫苗預防注射及晶片植入寵物登記工作公告,苗栗縣動物防疫所,苗栗縣政府,,,,13,202,,
444,苗栗縣三灣鄉各村人口數(106年12月底止),苗栗縣政府,苗栗縣政府,,,,4,47,,
445,107年苗栗縣毒品戒治醫療機構,苗栗縣政府毒品防制及心理衛生中心,苗栗縣政府,,,,1,39,,
446,107年度乳牛及乳羊布氏桿菌病防治措施,苗栗縣動物防疫所,苗栗縣政府,,,,1,41,,
447,107年度草食動物牛結核病防治措施,苗栗縣動物防疫所,苗栗縣政府,,,,1,45,,
448,苗栗縣獅潭鄉各村人口數(106年12月底止),苗栗縣政府,苗栗縣政府,,,,9,91,,
449,苗栗縣政府衛生局11月份月報,苗栗縣政府衛生局,苗栗縣政府,,,,0,37,,
450,苗栗縣政府衛生局105年度公開徵信資料,苗栗縣政府衛生局,苗栗縣政府,,,,2,37,,
451,苗栗縣政府衛生局106年1-6月受贈財物公開徵信資料,苗栗縣政府衛生局,苗栗縣政府,,,,0,39,,
452,苗栗縣政府衛生局10月份月報,苗栗縣政府衛生局,苗栗縣政府,,,,1,36,,
453,苗栗縣衛生局9月份會計月報,苗栗縣政府衛生局,苗栗縣政府,,,,0,36,,
454,苗栗縣106年居家護理所名單 ,苗栗縣政府衛生局,苗栗縣政府,,,,9,42,,
455,苗栗縣藥癮戒治機構,苗栗縣政府衛生局,苗栗縣政府,,,,2,31,,
456,107年苗栗縣十八鄉鎮衛生所預防接種時間,苗栗縣政府衛生局,苗栗縣政府,,,,2,41,,
457,107年苗栗縣「未滿5歲接觸者結核菌素測驗（免費）服務單位」,苗栗縣政府衛生局,苗栗縣政府,,,,0,38,,
458,苗農專案,苗栗縣政府衛生局,苗栗縣政府,,,,5,56,,
459,107人類免疫缺乏病毒指定醫事機構,苗栗縣政府衛生局,苗栗縣政府,,,,3,49,,
460,107年全國清潔針具佈點名單,苗栗縣政府衛生局,苗栗縣政府,,,,14,224,序號、縣市鄉鎮、設置項目、設置點類別、設置地點、機構代碼、聯絡人、電話、地址、服務時間,
461,愛滋感染者照護示範機構名單,苗栗縣政府衛生局,苗栗縣政府,,,,3,45,,
462,107年「施情畫義‧千動愛心」美術特展暨愛心活動 ,苗栗縣政府文化觀光局,苗栗縣政府,,,,2,91,,
463,107年度苗栗縣政府文化觀光局推動客語薪傳師傳習計畫 ,苗栗縣政府文化觀光局,苗栗縣政府,,,,4,107,,
464,107年苗栗縣精神復健機構,苗栗縣政府毒品防制及心理衛生中心,苗栗縣政府,,,,6,50,,
465,公共藝術辦理流程圖、設置三階段相關文件下載(106.10.26) ,苗栗縣政府文化觀光局,苗栗縣政府,,,,2,40,,
466,107年苗栗縣精神護理之家,苗栗縣政府毒品防制及心理衛生中心,苗栗縣政府,,,,4,57,,
467,苗栗縣公共藝術設置自治條例 ,苗栗縣政府文化觀光局,苗栗縣政府,,,,0,48,,
468,107年度苗栗縣政府文化觀光局施政計畫 ,苗栗縣政府文化觀光局,苗栗縣政府,,,,1,44,,
469,12月藥物檢查計查獲違法統計,苗栗縣政府衛生局,苗栗縣政府,,,,0,32,,
470,106年藥政管理,苗栗縣政府衛生局,苗栗縣政府,,,,1,35,,
471,苗栗縣107年1月藥商藥局清冊,苗栗縣政府衛生局,苗栗縣政府,,,,8,40,,
472,106年苗栗縣公共場所哺集乳室資料,苗栗縣政府衛生局,苗栗縣政府,,,,8,71,場所名稱、縣市、鄉/鎮/市/區、村/里、鄰、大道/路/街/地區、段、巷/弄/衖、號、樓（之~）、室、電話、開放時間、注意事項、設置依據,
473,106年1月1日苗栗縣政府衛生局所屬醫療機構門診收費標準正式適用,苗栗縣政府衛生局,苗栗縣政府,,,,3,41,,
474,苗栗縣產後護理機構名冊,苗栗縣政府衛生局,苗栗縣政府,,,,6,55,,
475,苗栗縣醫學美容機構清冊,苗栗縣政府衛生局,苗栗縣政府,,,,3,53,,
476,苗栗縣責任醫院名冊,苗栗縣政府衛生局,苗栗縣政府,,,,7,46,,
477,苗栗縣AED設置地點,苗栗縣政府衛生局,苗栗縣政府,,,,2,46,場所名稱、場所區域、場所地址、區域代碼、AED放置地點、AED地點描述、周一至周五起、周一至周五迄、周六起、周六迄、周日起、周日迄、開放使用時間備註,
478,106年底苗栗縣各鄉鎮市救護車統計表,苗栗縣政府衛生局,苗栗縣政府,,,,5,69,,
479,苗栗縣護理之家評鑑等第彙整名單 ,苗栗縣政府衛生局,苗栗縣政府,,,,3,37,,
480,105年苗栗縣十大死因,苗栗縣政府衛生局,苗栗縣政府,,,,6,54,,
481,苗栗縣公益彩券盈餘分配運用要點,苗栗縣政府,苗栗縣政府,,,,0,36,,
482,苗栗縣公益彩券盈餘推展社會福利專案補助要點,苗栗縣政府,苗栗縣政府,,,,9,69,,
483,苗栗縣公彩盈餘管理委員設置要點,苗栗縣政府,苗栗縣政府,,,,0,43,,
484,苗栗縣105年第1次公益彩券盈餘推展社會福利專案補助結果,苗栗縣政府,苗栗縣政府,,,,0,38,,
485,苗栗縣105年第1季公益彩券辦理社會福利事業情形季報表,苗栗縣政府,苗栗縣政府,,,,0,32,,
486,苗栗縣105年第2次公益彩券盈餘推展社會福利專案補助結果,苗栗縣政府,苗栗縣政府,,,,0,35,,
487,苗栗縣105年第2季公益彩券辦理社會福利事業情形季報表,苗栗縣政府,苗栗縣政府,,,,0,34,,
488,苗栗縣105年第3次公益彩券盈餘推展社會福利專案補助結果,苗栗縣政府,苗栗縣政府,,,,0,35,,
489,苗栗縣105年第3季公益彩券辦理社會福利事業情形季報表,苗栗縣政府,苗栗縣政府,,,,0,34,,
490,苗栗縣105年第4次公益彩券盈餘推展社會福利專案補助結果,苗栗縣政府,苗栗縣政府,,,,0,32,,
491,苗栗縣105年第4季公益彩券辦理社會福利事業情形季報表,苗栗縣政府,苗栗縣政府,,,,1,37,,
492,苗栗縣106年第1次公益彩券盈餘推展社會福利專案補助結果,苗栗縣政府,苗栗縣政府,,,,1,40,,
493,苗栗縣106年第1季公益彩券辦理社會福利事業情形季報表,苗栗縣政府,苗栗縣政府,,,,0,34,,
494,苗栗縣106年第2次公益彩券盈餘推展社會福利專案補助結果,苗栗縣政府,苗栗縣政府,,,,1,44,,
495,苗栗縣自願設置哺集乳室地點,苗栗縣政府衛生局,苗栗縣政府,,,,3,55,,
496,苗栗縣106年第2季公益彩券辦理社會福利事業情形季報表,苗栗縣政府,苗栗縣政府,,,,0,38,,
497,苗栗縣106年第3次公益彩券盈餘推展社會福利專案補助結果,苗栗縣政府,苗栗縣政府,,,,0,36,,
498,苗栗縣106年第3季公益彩券辦理社會福利事業情形季報表,苗栗縣政府,苗栗縣政府,,,,0,37,,
499,苗栗縣國小學童臼齒窩溝封填補助方案參加醫師名冊,苗栗縣政府衛生局,苗栗縣政府,,,,1,40,,
500,12月化粧品衛生管理.,苗栗縣政府衛生局,苗栗縣政府,,,,0,130,,
501,健康職場認證申請專區-操作手冊,苗栗縣政府衛生局,苗栗縣政府,,,,0,142,,
502,人用狂犬病免疫球蛋白儲備醫院,苗栗縣政府衛生局,苗栗縣政府,,,,2,40,,
503,107年人用狂犬病疫苗接種服務醫院,苗栗縣政府衛生局,苗栗縣政府,,,,68,418,,
504,106年度健康職場推動方案,苗栗縣政府衛生局,苗栗縣政府,,,,0,41,,
505,106年 12 月份第 1 次溫泉水質微生物檢驗結果報告,苗栗縣政府衛生局,苗栗縣政府,,,,3,95,,
506,107年苗栗縣心理健康網資源,苗栗縣政府毒品防制及心理衛生中心,苗栗縣政府,,,,1,54,,
507,苗栗縣【新版兒童生長曲線】Q＆A,苗栗縣政府衛生局,苗栗縣政府,,,,2,48,,
508, 107年苗栗縣立案心理諮商所,苗栗縣政府毒品防制及心理衛生中心,苗栗縣政府,,,,0,57,,
509,A肝確診病例接觸者公費疫苗接種政策說明,苗栗縣政府衛生局,苗栗縣政府,,,,0,46,,
510,人類免疫缺乏病毒感者者A型肝炎疫苗預防接種作業計畫,苗栗縣政府衛生局,苗栗縣政府,,,,0,46,,
511,苗栗縣一般護理之家名單 ,苗栗縣政府衛生局,苗栗縣政府,,,,11,54,,
512,107年苗栗縣精神復健機構,苗栗縣政府衛生局,苗栗縣政府,,,,3,55,,
513,107年度「潛伏結核感染治療指定醫院」暨合作醫師,苗栗縣政府衛生局,苗栗縣政府,,,,6,157,,
514,醫療院所嬰兒室感染預防參考措施,苗栗縣政府衛生局,苗栗縣政府,,,,5,52,,
515,腸病毒感染併發重症前兆病徵自我檢查表,苗栗縣政府衛生局,苗栗縣政府,,,,6,58,,
516,教托育人員腸病毒防治手冊,苗栗縣政府衛生局,苗栗縣政府,,,,51,182,,
517,107年苗栗縣心理健康網資源,苗栗縣政府衛生局,苗栗縣政府,,,,1,43,,
518,糖尿病照護率現況分析,苗栗縣政府衛生局,苗栗縣政府,,,,17,86,,
519,107年苗栗縣精神護理之家,苗栗縣政府衛生局,苗栗縣政府,,,,2,41,,
520,107年苗栗縣立案心理諮商所,苗栗縣政府衛生局,苗栗縣政府,,,,2,29,,
521,苗栗縣癌症篩檢與檳榔健康危害分析,苗栗縣政府衛生局,苗栗縣政府,,,,5,160,,
522,苗栗縣兒童戴安全帽分析報告,苗栗縣政府衛生局,苗栗縣政府,,,,0,36,,
523,保健科營造健康生活-肥胖分析,苗栗縣政府衛生局,苗栗縣政府,,,,4,156,,
524,保健出生性別比之監測與稽查,苗栗縣政府衛生局,苗栗縣政府,,,,2,149,,
525,苗栗縣青少年親善門診,苗栗縣政府衛生局,苗栗縣政府,,,,1,37,,
526,106年餐飲分級評核名單,苗栗縣政府衛生局,苗栗縣政府,,,,1,46,,
527,辦理勞工體格及健康檢查指定醫療機構醫事人員訓練機構認可及管理作業要點,苗栗縣政府衛生局,苗栗縣政府,,,,0,45,,
528,106年度高齡友善城市監測調查問卷,苗栗縣政府衛生局,苗栗縣政府,,,,12,110,,
529,經公告應實施強制檢驗、應訂定食品安全監測計畫或應設置實驗室業別,苗栗縣政府衛生局,苗栗縣政府,,,,10,69,,
530,輸入食品未經查驗許可不得販售,苗栗縣政府衛生局,苗栗縣政府,,,,0,36,,
531,食品標示認真看,苗栗縣政府衛生局,苗栗縣政府,,,,3,48,,
532,認識違規食品廣告,苗栗縣政府衛生局,苗栗縣政府,,,,1,45,,
533,苗栗縣政府衛生局業務簡介及位置地圖,苗栗縣政府衛生局,苗栗縣政府,,,,2,150,,
534,苗栗縣燃氣熱水器承裝業及技術士清冊,苗栗縣政府消防局,苗栗縣政府,,,,0,35,,
535,苗栗縣人口數(106年12月底止),苗栗縣政府,苗栗縣政府,,,,40,180,,
536,苗栗縣泰安鄉各村人口數(106年12月底止),苗栗縣政府,苗栗縣政府,,,,4,69,,
537,苗栗縣106年第4次公益彩券盈餘推展社會福利專案補助結果,苗栗縣政府,苗栗縣政府,,,,1,93,,
538,執永久效期手冊者換發身心障礙證明問答集,苗栗縣政府,苗栗縣政府,,,,1,58,,
539,106年度苗栗縣老人福利權益一覽表,苗栗縣政府,苗栗縣政府,,,,11,70,,
540,苗栗縣居家式托育人員收退費基準,苗栗縣政府,苗栗縣政府,,,,6,41,,
541,苗栗縣兒童及少年安置教養機構一覽表,苗栗縣政府,苗栗縣政府,,,,11,58,,
542,苗栗縣老人長期照護、養護、安養機構歷年評鑑等第一覽表,苗栗縣政府,苗栗縣政府,,,,11,53,,
543,苗栗縣立案托嬰中心,苗栗縣政府,苗栗縣政府,,,,7,55,,
544,苗栗縣公私立托嬰中心疑似腸病毒感染個案通報暨處理流程,苗栗縣政府,苗栗縣政府,,,,6,79,,
545,苗栗縣托嬰中心立案表單,苗栗縣政府,苗栗縣政府,,,,2,36,,
546,苗栗縣托嬰中心託藥辦法,苗栗縣政府,苗栗縣政府,,,,2,59,,
547,苗栗縣托嬰中心「服藥委託暨餵藥紀錄」單,苗栗縣政府,苗栗縣政府,,,,6,69,,
548, 107年苗栗縣兒童早期療育費用補助實施計畫,苗栗縣政府,苗栗縣政府,,,,27,107,,
549,苗栗縣志願服務榮譽卡申請補發切結書,苗栗縣政府,苗栗縣政府,,,,0,26,,
550,苗栗縣志願服務榮譽卡申請名冊,苗栗縣政府,苗栗縣政府,,,,2,37,,
551,苗栗縣志願服務榮譽卡審查表,苗栗縣政府,苗栗縣政府,,,,2,29,,
552,苗栗縣申請志願服務榮譽卡作業規定,苗栗縣政府,苗栗縣政府,,,,4,40,,
553,苗栗縣志願服務紀錄冊遺失申請補發切結書(社福+綜合),苗栗縣政府,苗栗縣政府,,,,0,30,,
554,苗栗縣社會福利類及綜合類志願服務紀錄冊申請表,苗栗縣政府,苗栗縣政府,,,,0,34,,
555,苗栗縣申請社會福利類及綜合類志願服務紀錄冊作業規定,苗栗縣政府,苗栗縣政府,,,,0,28,,
556,苗栗縣警察消防協勤民力申請志願服務榮譽卡作業規定,苗栗縣政府,苗栗縣政府,,,,2,33,,
557,苗栗縣志願服務團隊及重大災害志工運用工作手冊,苗栗縣政府,苗栗縣政府,,,,2,33,,
558,苗栗縣志願服務獎勵辦法,苗栗縣政府,苗栗縣政府,,,,1,34,,
559,苗栗縣貓裏志工第32期刊物,苗栗縣政府,苗栗縣政府,,,,0,28,,
560,苗栗縣貓裏志工第34期刊物,苗栗縣政府,苗栗縣政府,,,,0,28,,
561,苗栗縣貓裏志工第35期刊物,苗栗縣政府,苗栗縣政府,,,,0,30,,
562,苗栗縣貓裏志工第36期刊物,苗栗縣政府,苗栗縣政府,,,,0,32,,
563,苗栗縣貓裏志工第37期刊物,苗栗縣政府,苗栗縣政府,,,,0,37,,
564,苗栗縣貓裏志工第38期刊物,苗栗縣政府,苗栗縣政府,,,,0,32,,
565,苗栗縣貓裏志工第39期刊物,苗栗縣政府,苗栗縣政府,,,,1,33,,
566,苗栗縣兒童發展通報表,苗栗縣政府,苗栗縣政府,,,,0,29,,
567,苗栗縣性騷擾防治委員會設置辦法,苗栗縣政府,苗栗縣政府,,,,0,36,,
568,苗栗縣兒童少年家庭寄養辦法,苗栗縣政府,苗栗縣政府,,,,2,59,,
569,苗栗縣家庭暴力及性侵害防治委員會設置要點,苗栗縣政府,苗栗縣政府,,,,0,50,,
570,苗栗縣兒童及少年性剝削防制諮詢會設置要點,苗栗縣政府,苗栗縣政府,,,,0,39,,
571,苗栗縣政府辦理未成年子女會面交往與交付處理申請書,苗栗縣政府,苗栗縣政府,,,,1,48,,
572,苗栗縣身心障礙者臨時暨短期照顧服務計畫,苗栗縣政府,苗栗縣政府,,,,2,36,,
573,苗栗縣身心障礙者臨時暨短期照顧服務表件,苗栗縣政府,苗栗縣政府,,,,1,36,,
574,107年度住宿式照顧費用補助入住證明清冊範例,苗栗縣政府,苗栗縣政府,,,,1,40,,
575,苗栗縣-社工師執照、開業申請書,苗栗縣政府,苗栗縣政府,,,,0,35,,
576,苗栗縣-社工師報請備查申請書,苗栗縣政府,苗栗縣政府,,,,0,37,,
577,苗栗縣-執照補發更新申請書,苗栗縣政府,苗栗縣政府,,,,0,36,,
578,苗栗縣政府暨苗栗縣所轄鄉鎮市公所106年1月至12月公共債務情形,苗栗縣政府,苗栗縣政府,,,,0,23,,
579,苗栗縣居家醫療居家安寧服務團隊清冊,苗栗縣政府衛生局,苗栗縣政府,,,,10,67,,
580,臺灣苗栗地方法院106年12月份會計報告,臺灣苗栗地方法院,苗栗縣政府,,,,0,27,,
581,本局106年7至12月公開徵信資料,苗栗縣政府衛生局,苗栗縣政府,,,,0,4,,
582,106年度苗栗縣各鄉鎮市核准伐採統計表,苗栗縣政府,苗栗縣政府,,,,4,44,,
583,106年度苗栗縣公害陳情案件處理統計分析報告,苗栗縣政府環境保護局,苗栗縣政府,,,,5,30,,
584,苗栗縣政府環境影響評估審查委員會專家學者作業遴選要點,苗栗縣政府環境保護局,苗栗縣政府,,,,2,39,,
585,苗栗縣107年度淘汰二行程機車及新購電動二輪車補助作業原則,苗栗縣政府環境保護局,苗栗縣政府,,,,45,230,,
586,105年度苗栗縣柴油車排煙檢測統計分析,苗栗縣政府環境保護局,苗栗縣政府,,,,1,25,,
587,中部崛起環教列車領航導覽《上冊》,苗栗縣政府環境保護局,苗栗縣政府,,,,1,31,,
588,中部崛起環教列車領航導覽《下冊》,苗栗縣政府環境保護局,苗栗縣政府,,,,1,26,,
589,耀見幸福桐遊苗栗手札,苗栗縣政府環境保護局,苗栗縣政府,,,,1,29,,
590,苗栗縣中港溪東興橋溼地公園簡介手冊,苗栗縣政府環境保護局,苗栗縣政府,,,,6,37,,
591,101年環境教育行動方案成果報告,苗栗縣政府環境保護局,苗栗縣政府,,,,0,27,,
592,101年度公害陳情案件處理統計分析報告,苗栗縣政府環境保護局,苗栗縣政府,,,,3,36,,
593,苗栗縣政府公害糾紛調處委員會組織規程,苗栗縣政府環境保護局,苗栗縣政府,,,,1,34,,
594,苗栗縣政府公害糾紛緊急紓處小組設置要點,苗栗縣政府環境保護局,苗栗縣政府,,,,0,34,,
595,苗栗縣文化景觀提報表,苗栗縣政府文化觀光局,苗栗縣政府,,,,3,41,,
596,2017年苗栗柴燒陶人才培育工作坊,苗栗縣政府文化觀光局,苗栗縣政府,,,,3,46,,
597,公共藝術辦理流程圖、設置三階段相關文件下載,苗栗縣政府文化觀光局,苗栗縣政府,,,,0,36,,
598,苗栗縣政府行道樹修剪作業參考原則,苗栗縣政府,苗栗縣政府,,,,0,29,,
599,苗栗市「停一停車場」自106年8月21日起視為道路延伸納入道路範圍,苗栗縣政府,苗栗縣政府,,,,0,39,,
600,公告調整本縣轄內縣道119線、121線及126線等3條公路路線,苗栗縣政府,苗栗縣政府,,,,3,45,,
601,苗栗縣寬頻管道管理申請標準作業程序,苗栗縣政府,苗栗縣政府,,,,1,63,,
602,苗栗縣停車場登記證申請標準作業程序,苗栗縣政府,苗栗縣政府,,,,1,37,,
603,苗栗縣利用空地申請設置臨時路外停車場標準作業程序,苗栗縣政府,苗栗縣政府,,,,2,42,,
604,苗栗縣空氣品質測站-每小時,苗栗縣政府環境保護局,苗栗縣政府,,,,88,120,SiteId、SiteName、County、ItemId、ItemName、ItemEngName、ItemUnit、MonitorDate、Concentration,
605,苗栗縣人行空間機車慢車停車秩序實施要點,苗栗縣政府,苗栗縣政府,,,,2,29,,
606,苗栗縣政府廢棄物處理機構許可證標準作業程序,苗栗縣政府環境保護局,苗栗縣政府,,,,0,25,,
607,苗栗縣市區道路管理規則,苗栗縣政府,苗栗縣政府,,,,7,92,,
608,苗栗縣政府公民營廢棄物處理機構同意設置文件申請審查標準作業程序,苗栗縣政府環境保護局,苗栗縣政府,,,,0,21,,
609,苗栗縣政府高架橋下空間土地申請使用處理原則,苗栗縣政府,苗栗縣政府,,,,1,26,,
610,公告本縣市區道路(含公路系統縣道、鄉道共線路段)「臨時施工使用道路申請業務」委辦本縣各鄉鎮市公所受理申請,苗栗縣政府,苗栗縣政府,,,,2,140,,
611,苗栗縣政府公有路燈設施認捐要點,苗栗縣政府,苗栗縣政府,,,,1,28,,
612,空氣品質小時值_苗栗縣_三義站,苗栗縣政府環境保護局,苗栗縣政府,,,,17,60,SiteId、SiteName、County、ItemId、ItemName、ItemEngName、ItemUnit、MonitorDate、Concentration,
613,空氣品質小時值_苗栗縣_苗栗站,苗栗縣政府環境保護局,苗栗縣政府,,,,28,68,SiteId、SiteName、County、ItemId、ItemName、ItemEngName、ItemUnit、MonitorDate、Concentration,
614,空氣品質小時值_苗栗縣_頭份站,苗栗縣政府環境保護局,苗栗縣政府,,,,3,52,SiteId、SiteName、County、ItemId、ItemName、ItemEngName、ItemUnit、MonitorDate、Concentration,
615,苗栗縣環境教育行動方案,苗栗縣政府環境保護局,苗栗縣政府,,,,1,30,,
616,公告「苗栗縣空氣污染防制計畫書(104-108年修正版)」,苗栗縣政府環境保護局,苗栗縣政府,,,,13,40,,
617,公告「苑裡溪水區及水體分類」,苗栗縣政府環境保護局,苗栗縣政府,,,,2,36,,
618,公告台灣氯乙烯工業股份有限公司頭份廠整治場址整治計畫審查與結論摘要,苗栗縣政府環境保護局,苗栗縣政府,,,,6,39,,
619,苗栗縣民眾檢舉違反廢棄物清理法案件獎勵辦法,苗栗縣政府環境保護局,苗栗縣政府,,,,3,43,,
620,苗栗縣政府廢棄物清除機構申請審查標準作業程序,苗栗縣政府環境保護局,苗栗縣政府,,,,1,22,,
621,106年12月消防安全設備查察處理,苗栗縣政府消防局,苗栗縣政府,,,,3,34,,
622,106年12月液化石油氣消防安全檢查及違規取締,苗栗縣政府消防局,苗栗縣政府,,,,1,25,,
623,106年12月爆竹煙火安全檢查,苗栗縣政府消防局,苗栗縣政府,,,,3,30,,
624,苗栗縣政府環境保護局106年預告統計資料發布時間表,苗栗縣政府環境保護局,苗栗縣政府,,,,1,27,,
625,106年12月爆竹煙火違法取締,苗栗縣政府消防局,苗栗縣政府,,,,1,24,,
626,106年12月防火管理執行情形,苗栗縣政府消防局,苗栗縣政府,,,,1,25,,
627,106年12月消防水源,苗栗縣政府消防局,苗栗縣政府,,,,1,21,,
628,106年12月消防緊急救護服務,苗栗縣政府消防局,苗栗縣政府,,,,2,26,,
629,106年12月消防緊急救護急救處置,苗栗縣政府消防局,苗栗縣政府,,,,2,26,,
630,苗栗縣空氣品質監測站設置概況與測定項目(106),苗栗縣政府環境保護局,苗栗縣政府,,,,5,50,,
631,106年12月消防緊急救護到院前心肺功能停止傷病患統計,苗栗縣政府消防局,苗栗縣政府,,,,2,26,,
632,106年12月火災出動人員、車輛、船艇、直升機,苗栗縣政府消防局,苗栗縣政府,,,,3,27,,
633,106年12月火災次數分類及時間,苗栗縣政府消防局,苗栗縣政府,,,,5,31,,
634,106年12月火災人員死傷、財物損失,苗栗縣政府消防局,苗栗縣政府,,,,2,26,,
635,106年12月起火建築物,苗栗縣政府消防局,苗栗縣政府,,,,1,27,,
636,106年12月火災次數按起火處所,苗栗縣政府消防局,苗栗縣政府,,,,1,25,,
637,106年12月火災次數按起火原因,苗栗縣政府消防局,苗栗縣政府,,,,1,23,,
638,苗栗縣環境檢驗樣品分類統計表(106年度),苗栗縣政府環境保護局,苗栗縣政府,,,,5,49,,
639,統計資料背景說明-苗栗縣環境影響評估案件統計,苗栗縣政府環境保護局,苗栗縣政府,,,,5,40,,
640,統計資料背景說明-苗栗縣環境影響評估個案監督及處分情形統計,苗栗縣政府環境保護局,苗栗縣政府,,,,0,20,,
641,統計資料背景說明-苗栗縣河川水質監測統計表,苗栗縣政府環境保護局,苗栗縣政府,,,,5,34,,
642,統計資料背景說明-苗栗縣空氣品質監測站設置概況與測定項目統計,苗栗縣政府環境保護局,苗栗縣政府,,,,1,26,,
643,統計資料背景說明-苗栗縣空氣中懸浮微粒及落塵量檢驗結果統計,苗栗縣政府環境保護局,苗栗縣政府,,,,5,35,,
644,統計資料背景說明-苗栗縣一般地區環境音量監測不合格情形統計,苗栗縣政府環境保護局,苗栗縣政府,,,,1,24,,
645,統計資料背景說明-苗栗縣道路交通音量監測不合格情形統計,苗栗縣政府環境保護局,苗栗縣政府,,,,1,25,,
646,統計資料背景說明-苗栗縣事業廢水污染管制情形,苗栗縣政府環境保護局,苗栗縣政府,,,,3,27,,
647,統計資料背景說明-苗栗縣污水下水道系統污染管制情形,苗栗縣政府環境保護局,苗栗縣政府,,,,3,29,,
648,統計資料背景說明-苗栗縣資源回收統計,苗栗縣政府環境保護局,苗栗縣政府,,,,1,25,,
649,統計資料背景說明-苗栗縣廢機動車輛認定及移置統計,苗栗縣政府環境保護局,苗栗縣政府,,,,0,25,,
650,統計資料背景說明-苗栗縣垃圾處理廠及垃圾回收清除車輛統計,苗栗縣政府環境保護局,苗栗縣政府,,,,1,26,,
651,統計資料背景說明-苗栗縣公民營廢棄物清除處理機構許可（核備）統計,苗栗縣政府環境保護局,苗栗縣政府,,,,2,27,,
652,統計資料背景說明-苗栗縣公共場所一般環境衛生管理工作成果統計,苗栗縣政府環境保護局,苗栗縣政府,,,,0,22,,
653,統計資料背景說明-苗栗縣公害陳情案件受理統計,苗栗縣政府環境保護局,苗栗縣政府,,,,0,23,,
654,統計資料背景說明-苗栗縣巨大垃圾統計,苗栗縣政府環境保護局,苗栗縣政府,,,,3,44,,
655,統計資料背景說明-苗栗縣污染源稽查處分概況背景,苗栗縣政府環境保護局,苗栗縣政府,,,,4,29,,
656,統計資料背景說明-苗栗縣垃圾清運統計,苗栗縣政府環境保護局,苗栗縣政府,,,,5,37,,
657,統計資料背景說明-苗栗縣環境檢驗樣品分類統計,苗栗縣政府環境保護局,苗栗縣政府,,,,1,30,,
658,統計資料背景說明-苗栗縣環境用藥管理成果統計,苗栗縣政府環境保護局,苗栗縣政府,,,,0,24,,
659,統計資料背景說明-苗栗縣列管毒性化學物質查核取締結果統計,苗栗縣政府環境保護局,苗栗縣政府,,,,2,28,,
660,統計資料背景說明-苗栗縣飲用水水質抽驗結果統計,苗栗縣政府環境保護局,苗栗縣政府,,,,4,31,,
661,統計資料背景說明-苗栗縣空氣污染防制稽查處分概況表	,苗栗縣政府環境保護局,苗栗縣政府,,,,2,24,,
662,統計資料背景說明-苗栗縣噪音稽查處分概況統計,苗栗縣政府環境保護局,苗栗縣政府,,,,3,27,,
663,統計資料背景說明-苗栗縣不法利得案件裁處,苗栗縣政府環境保護局,苗栗縣政府,,,,0,21,,
664,統計資料背景說明-苗栗縣環保人員概況統計,苗栗縣政府環境保護局,苗栗縣政府,,,,0,28,,
665,統計資料背景說明-苗栗縣環境保護歲出預算統計,苗栗縣政府環境保護局,苗栗縣政府,,,,0,28,,
666,統計資料背景說明-苗栗縣環境保護歲出決算統計,苗栗縣政府環境保護局,苗栗縣政府,,,,0,26,,
667,統計資料背景說明-苗栗縣營建工程空氣污染防制費徵收統計,苗栗縣政府環境保護局,苗栗縣政府,,,,0,26,,
668,苗栗縣107年1月 各鄉鎮產銷班統計表,苗栗縣政府,苗栗縣政府,,,,11,60,,
669,臺灣苗栗地方法院107年1月份會計報告,臺灣苗栗地方法院,苗栗縣政府,,,,0,38,,
670,臺灣苗栗地方法院106年決算.XML,臺灣苗栗地方法院,苗栗縣政府,,,,5,56,會計年度、款、項、目、節、預算科目編號、預算科目名稱、細目編號、細目名稱、預算數_原預算數、預算數_預算增減數、預算數_合計1、決算數_實現數、決算數_應收數、決算數_保留數、決算數_合計2、預決算比較增減數、決算數占預算數之比率、分計畫編號、分計畫名稱、用途別編號、用途別名稱、原預算數、預算追加減數、動支第一預備金數、動支第二預備金數、經費流用數、預算調整數、預算增減數小計、預算數合計1、實現數、應付數、保留數、決算數合計2、預算年度、以前年度轉入數_應收數、以前年度轉入數_保留數、本年度減免註銷數_應收數、本年度減免註銷數_保留數、本年度實現數_應收數、本年度實現數_保留數、本年度調整數_應收數、本年度調整數_保留數、本年度未結清數_應收數、本年度未結清數_保留數、月份、基金別、會計分類、使用機關別、科目分類、會計科目編號、會計科目名稱、金額,
671,107年度苗栗縣政府列管珍貴老樹,苗栗縣政府,苗栗縣政府,,,,8,112,,
672,過港貝化石層列冊公告,苗栗縣政府,苗栗縣政府,,,,0,44,,
673,苗栗縣政府暨苗栗縣轄鄉鎮市公所107年1月公共債務情形,苗栗縣政府,苗栗縣政府,,,,1,26,苗栗縣政府公共債務情形、,
674,苗栗縣縣管區域排水,苗栗縣政府,苗栗縣政府,,,,14,74,,
675,苗栗縣106年度污水處理廠統計,苗栗縣政府,苗栗縣政府,,,,6,64,,
676,苗栗縣106年度污水下水道建設投入經費,苗栗縣政府,苗栗縣政府,,,,2,53,,
677,苗栗縣106年度污水下水道系統營運管理費用及收入,苗栗縣政府,苗栗縣政府,,,,1,63,,
678,苗栗縣106年度污水下水道系統執行概況,苗栗縣政府,苗栗縣政府,,,,13,73,,
679,苗栗縣106年度污水下水道已建設管線長度及設施,苗栗縣政府,苗栗縣政府,,,,1,38,,
680,苗栗縣雨水下水道實施率統計表,苗栗縣政府,苗栗縣政府,,,,1,43,,
681,臺灣苗栗地方法院107年度法定預算,臺灣苗栗地方法院,苗栗縣政府,,,,2,38,,
682,苗栗縣106年雨水下水道工程明細表,苗栗縣政府,苗栗縣政府,,,,1,39,,
683,苗栗縣105年現有農機數量,苗栗縣政府,苗栗縣政府,,,,5,35,,
684,1月化粧品衛生管理,苗栗縣政府衛生局,苗栗縣政府,,,,0,23,,
685,1月藥物檢查暨查獲違法統計,苗栗縣政府衛生局,苗栗縣政府,,,,2,28,,
686,苗栗縣政府暨苗栗縣轄鄉鎮市公所107年2月公共債務情形,苗栗縣政府,苗栗縣政府,,,,2,27,苗栗縣政府公共債務情形、,
687,臺灣苗栗地方法院107年2月份會計報告,臺灣苗栗地方法院,苗栗縣政府,,,,2,24,,
688,2月化粧品衛生管理,苗栗縣政府衛生局,苗栗縣政府,,,,1,29,,
689,2月藥物檢查暨查獲違法統計,苗栗縣政府衛生局,苗栗縣政府,,,,1,57,,
690,107年1月消防安全設備查察處理,苗栗縣政府消防局,苗栗縣政府,,,,2,35,,
691,107年01月液化石油氣消防安全檢查及違規取締,苗栗縣政府消防局,苗栗縣政府,,,,2,26,,
692,107年1月爆竹煙火安全檢查,苗栗縣政府消防局,苗栗縣政府,,,,1,25,,
693,107年1月爆竹煙火違法取締,苗栗縣政府消防局,苗栗縣政府,,,,1,27,,
694,107年1月防火管理執行情形,苗栗縣政府消防局,苗栗縣政府,,,,1,28,,
695,107年1月消防水源10701,苗栗縣政府消防局,苗栗縣政府,,,,3,27,,
696,107年1月消防緊急救護服務,苗栗縣政府消防局,苗栗縣政府,,,,1,27,,
697,107年1月消防緊急救護急救處置,苗栗縣政府消防局,苗栗縣政府,,,,2,27,,
698,107年1月消防緊急救護到院前心肺功能停止傷病患統計,苗栗縣政府消防局,苗栗縣政府,,,,2,29,,
699,107年1月火災出動人員、車輛、船艇、直升機,苗栗縣政府消防局,苗栗縣政府,,,,3,27,,
700,107年1月火災次數分類及時間,苗栗縣政府消防局,苗栗縣政府,,,,2,31,,
701,107年1月火災人員死傷、財物損失,苗栗縣政府消防局,苗栗縣政府,,,,2,28,,
702,107年1月起火建築物,苗栗縣政府消防局,苗栗縣政府,,,,4,36,,
703,火災次數按起火處所分,苗栗縣政府消防局,苗栗縣政府,,,,4,32,,
704,107年1月火災次數按起火原因分,苗栗縣政府消防局,苗栗縣政府,,,,7,36,,
705,106年下半年列管建築物,苗栗縣政府消防局,苗栗縣政府,,,,1,31,,
706,106年下半年消防安全檢查列管對象,苗栗縣政府消防局,苗栗縣政府,,,,1,27,,
707,106年下半年消防安全設備檢修申報,苗栗縣政府消防局,苗栗縣政府,,,,3,36,,
708,106年下半年義勇消防人員人數,苗栗縣政府消防局,苗栗縣政府,,,,1,28,,
709,106年下半年義勇消防人員傷亡,苗栗縣政府消防局,苗栗縣政府,,,,2,41,,
710,106年下半年消防救護車輛裝備,苗栗縣政府消防局,苗栗縣政府,,,,3,40,,
711,107年2月苗栗縣燃氣熱水器承裝業及技術士清冊,苗栗縣政府消防局,苗栗縣政府,,,,3,42,,
712,104~107苗栗生活圈核定案件一覽表,苗栗縣政府,苗栗縣政府,,,,9,43,,
713,苗栗縣臨時性工程使用道路申請書,苗栗縣政府,苗栗縣政府,,,,2,33,,
714,苗栗縣政府暨苗栗縣轄鄉鎮市公所107年3月公共債務情形,苗栗縣政府,苗栗縣政府,,,,3,21,苗栗縣政府公共債務情形、,
715,收據分類統計表10703,苗栗縣政府,苗栗縣政府,,,,8,49,,
716,臺灣苗栗地方法院107年3月會計報告,臺灣苗栗地方法院,苗栗縣政府,,,,0,15,,
717,3月化粧品衛生管理,苗栗縣政府衛生局,苗栗縣政府,,,,3,25,,
718,3月藥物檢查暨查獲違法統計,苗栗縣政府衛生局,苗栗縣政府,,,,3,25,,
719,臺灣苗栗地方法院檢察署107年度會計報告,臺灣苗栗地方檢察署,苗栗縣政府,,,,1,32,會計年度、月份、款、項、目、節、預算年度、預算科目編號、預算科目名稱、細目編號、細目名稱、原預算數、追加減數、截至本月止累計分配數_1、本月實現數、截至本月止累計實現數_2、應收收入數_3、分配數預算餘額_4、分支計畫編號、分支計畫名稱、用途別編號、用途別名稱、第一預備金、第二預備金、經費流用數、預算調整數、應付數、已分配尚未執行數、備註_預暫付數、基金別、會計分類、使用機關別、科目分類、會計科目編號、會計科目名稱、金額、科目名稱、取得成本、以前年度累計折舊_長期投資評價、本年度資本資產成本變動_增加數、本年度資本資產成本變動_減少數、本年度累計折舊_長期投資評價變動數、期末帳面金額、備註、業務計畫或工作計畫、經資門、執行數、項目、收入實現數、減項_收入待納庫數、加項_以前年度待納庫繳庫數、加項_以前年度撥款於本年度繳還數_材料、加項_以前年度撥款於本年度繳還數_存出保證金、加項_以前年度撥款於本年度繳還數_其他應收款、加項_預收款、加項_剔除經費、繳付公庫數、一級用途別編號、一級用途別名稱、支出實現數、加項_預付款、加項_材料、加項_存出保證金、加項_零用金、加項_退還收入預收款、加項_其他應收款、減項_以前年度撥款於本年度實現數、公庫撥入數、公庫分配數餘額、金額_本月數、金額_累計數、年度預算數,
720,107年4月苗栗縣燃氣熱水器承裝業及技術士清冊,苗栗縣政府消防局,苗栗縣政府,,,,1,24,,
721,107年2月消防安全設備查察處理,苗栗縣政府消防局,苗栗縣政府,,,,0,21,,
722,107年2月液化石油氣消防安全檢查及違規取締,苗栗縣政府消防局,苗栗縣政府,,,,0,19,,
723,107年2月爆竹煙火安全檢查,苗栗縣政府消防局,苗栗縣政府,,,,0,15,,
724,107年2月爆竹煙火違法取締,苗栗縣政府消防局,苗栗縣政府,,,,0,23,,
725,107年2月防火管理執行情形,苗栗縣政府消防局,苗栗縣政府,,,,0,16,,
726,107年2月消防水源,苗栗縣政府消防局,苗栗縣政府,,,,0,19,,
727,107年2月消防緊急救護服務,苗栗縣政府消防局,苗栗縣政府,,,,1,26,,
728,107年2月消防緊急救護急救處置,苗栗縣政府消防局,苗栗縣政府,,,,0,22,,
729,107年2月消防緊急救護到院前心肺功能停止傷病患統計,苗栗縣政府消防局,苗栗縣政府,,,,2,23,,
730,107年2月火災出動人員、車輛、船艇、直升機,苗栗縣政府消防局,苗栗縣政府,,,,1,23,,
731,107年2月火災次數分類及時間,苗栗縣政府消防局,苗栗縣政府,,,,0,19,,
732,107年2月火災人員死傷、財物損失,苗栗縣政府消防局,苗栗縣政府,,,,0,20,,
733,107年2月起火建築物,苗栗縣政府消防局,苗栗縣政府,,,,0,18,,
734,107年2月火災次數按起火處所分,苗栗縣政府消防局,苗栗縣政府,,,,1,23,,
735,107年2月火災次數按起火原因分,苗栗縣政府消防局,苗栗縣政府,,,,1,23,,
736,107年3月消防安全設備查察處理,苗栗縣政府消防局,苗栗縣政府,,,,0,18,,
737,107年3月液化石油氣消防安全檢查及違規取締,苗栗縣政府消防局,苗栗縣政府,,,,0,20,,
738,107年3月爆竹煙火安全檢查,苗栗縣政府消防局,苗栗縣政府,,,,1,41,,
739,107年3月爆竹煙火違法取締,苗栗縣政府消防局,苗栗縣政府,,,,1,20,,
740,107年3月防火管理執行情形,苗栗縣政府消防局,苗栗縣政府,,,,0,25,,
741,107年3月消防水源,苗栗縣政府消防局,苗栗縣政府,,,,1,17,,
742,107年3月消防緊急救護服務,苗栗縣政府消防局,苗栗縣政府,,,,0,16,,
743,107年3月消防緊急救護急救處置,苗栗縣政府消防局,苗栗縣政府,,,,0,20,,
744,107年3月消防緊急救護到院前心肺功能停止傷病患統計,苗栗縣政府消防局,苗栗縣政府,,,,0,22,,
745,107年3月火災出動人員、車輛、船艇、直升機,苗栗縣政府消防局,苗栗縣政府,,,,0,17,,
746,107年3月火災次數分類及時間,苗栗縣政府消防局,苗栗縣政府,,,,0,20,,
747,107年3月火災人員死傷、財物損失,苗栗縣政府消防局,苗栗縣政府,,,,1,27,,
748,107年3月起火建築物,苗栗縣政府消防局,苗栗縣政府,,,,0,18,,
749,107年3月火災次數按起火處所分,苗栗縣政府消防局,苗栗縣政府,,,,0,28,,
750,107年3月火災次數按起火原因分,苗栗縣政府消防局,苗栗縣政府,,,,3,34,,
751,4月化粧品衛生管理,苗栗縣政府衛生局,苗栗縣政府,,,,4,31,,
752,4月藥物檢查暨查獲違法統計,苗栗縣政府衛生局,苗栗縣政府,,,,1,27,,
753,苗栗縣政府暨苗栗縣轄鄉鎮市公所107年1月至4月公共債務情形,苗栗縣政府,苗栗縣政府,,,,0,19,苗栗縣政府公共債務情形、,
754,臺灣苗栗地方法院107年4月會計報告,臺灣苗栗地方法院,苗栗縣政府,,,,0,24,,
755,臺灣苗栗地方法院107年5月份會計報告,臺灣苗栗地方法院,苗栗縣政府,,,,1,22,,
756,苗栗縣政府暨苗栗縣轄鄉鎮市公所107年1月至5月公共債務情形,苗栗縣政府,苗栗縣政府,,,,2,13,苗栗縣政府公共債務情形、、、、、、,
757,106年苗栗縣主要癌症死亡原 因,苗栗縣政府衛生局,苗栗縣政府,,,,3,13,,
758,106年苗栗縣主要死亡原因,苗栗縣政府衛生局,苗栗縣政府,,,,3,11,,
759,6月化粧品衛生管理,苗栗縣政府衛生局,苗栗縣政府,,,,1,4,,
760,6月藥物檢查暨查獲違法統計,苗栗縣政府衛生局,苗栗縣政府,,,,3,8,,
761,5月化粧品衛生管理,苗栗縣政府衛生局,苗栗縣政府,,,,2,9,,
762,5月藥物檢查暨查獲違法統計,苗栗縣政府衛生局,苗栗縣政府,,,,2,10,,
763,托嬰中心及幼兒園保育人員腸病毒宣導資料,苗栗縣政府衛生局,苗栗縣政府,,,,0,8,,
764,107年身心障礙者牙科特別門診,苗栗縣政府毒品防制及心理衛生中心,苗栗縣政府,,,,0,13,,
